,characteristics_bedrooms,characteristics_bathrooms,characteristics_garages,characteristics_area,location_lat,location_lng,price,neighborhood_name,district_name,extras_Terreno,price_per_m2
0,3,2,5,356.0,-17.761246,-63.180355,690000.0,BARRIO EQUIPETROL,Distrito Municipal 1,835.0,1938.2022471910113
1,3,4,2,150.0,-17.770008,-63.147896,159000.0,Barrio Chino,Distrito 2,150.0,1060.0
3,5,3,2,192.0,-17.698109,-63.173702,128000.0,Barrio Santa Isabel.,Distrito 5,154.0,666.6666666666666
8,5,5,3,387.0,-17.802959,-63.183067,280000.0,Barrio Aeronautico,Distrito Municipal 4Â ,280.0,723.5142118863049
9,5,4,2,266.0,-17.703842,-63.168728,160000.0,Barrio Santa Isabel.,Distrito 5,266.0,601.5037593984962
14,4,5,4,300.0,-17.715044,-63.159649,375000.0,Barrio Santa Isabel.,Distrito 5,464.0,1250.0
15,5,5,3,364.0,-17.754295,-63.18066,290000.0,Barrio el Manchon,Distrito Municipal 1,347.0,796.7032967032967
18,3,3,1,148.65,-17.763136,-63.106064,98000.0,Barrio La Purisima,Distrito 6,240.0,659.2667339387823
22,7,5,3,710.0,-17.769133,-63.17086,490000.0,Barrio Chino,Distrito 2,594.0,690.1408450704225
23,4,3,2,184.0,-17.703732,-63.168705,213600.0,Barrio Santa Isabel.,Distrito 5,238.0,1160.8695652173913
30,5,4,2,196.0,-17.699272,-63.180733,128000.0,Barrio Santa Isabel.,Distrito 5,160.0,653.0612244897959
31,4,4,2,385.0,-17.769739,-63.158424,275000.0,Barrio Chino,Distrito 2,320.0,714.2857142857143
33,4,4,2,151.0,-17.684004,-63.160076,125000.0,Barrio Santa Isabel.,Distrito 5,234.0,827.8145695364238
34,3,5,4,450.0,-17.712879,-63.16214,450000.0,Barrio Santa Isabel.,Distrito 5,427.0,1000.0
37,3,3,2,127.0,-17.710232,-63.172997,118000.0,Barrio Santa Isabel.,Distrito 5,254.0,929.1338582677165
40,3,2,2,157.0,-17.700397,-63.142525,105000.0,Barrio Santa Isabel.,Distrito 5,180.0,668.7898089171974
42,4,5,4,384.0,-17.740711,-63.163136,500000.0,Barrio Santa Isabel.,Distrito 5,480.0,1302.0833333333333
44,3,2,1,140.0,-17.715736,-63.162617,160000.0,Barrio Santa Isabel.,Distrito 5,260.0,1142.857142857143
46,7,7,2,600.0,-17.759588,-63.169617,465000.0,Barrio Chino,Distrito 2,756.0,775.0
47,7,4,5,580.0,-17.808952,-63.153252,418998.0,Barrio Polanco,Distrito Municipal 3,544.0,722.4103448275862
49,5,4,2,353.0,-17.755962,-63.165638,299000.0,Barrio Chino,Distrito 2,267.0,847.0254957507082
50,5,4,2,385.0,-17.792887,-63.197533,260000.0,BARRIO URBARI,Distrito Municipal 4Â ,243.0,675.3246753246754
52,3,3,2,135.0,-17.693026,-63.169579,90000.0,Barrio Santa Isabel.,Distrito 5,178.0,666.6666666666666
54,4,3,2,132.0,-17.709438,-63.159763,99000.0,Barrio Santa Isabel.,Distrito 5,132.0,750.0
55,3,3,3,170.0,-17.716015,-63.139198,168000.0,Barrio Santa Isabel.,Distrito 5,318.0,988.2352941176471
56,4,4,3,300.0,-17.774776,-63.158028,285000.0,Barrio Chino,Distrito 2,384.0,950.0
61,4,5,3,500.0,-17.68981,-63.161343,280000.0,Barrio Santa Isabel.,Distrito 5,320.0,560.0
64,4,6,4,410.0,-17.702757,-63.153378,335000.0,Barrio Santa Isabel.,Distrito 5,450.0,817.0731707317074
65,4,5,2,363.0,-17.766132,-63.201496,495000.0,BARRIO EQUIPETROL,Distrito Municipal 1,280.0,1363.6363636363637
67,4,3,2,480.0,-17.712418,-63.167095,295000.0,Barrio Santa Isabel.,Distrito 5,408.0,614.5833333333334
69,4,3,2,307.0,-17.817822,-63.184364,255000.0,BARRIO VICTORIA,Distrito Municipal 4Â ,301.0,830.6188925081433
70,3,3,2,228.0,-17.739101,-63.178337,285000.0,Barrio Santa Isabel.,Distrito 5,224.0,1250.0
71,3,4,2,207.0,-17.740124,-63.187992,160000.0,Barrio Santa Isabel.,Distrito 5,232.0,772.9468599033817
72,4,7,2,524.0,-17.792269,-63.168575,327075.0,Barrio Lindo,Distrito 11,384.0,624.1889312977099
79,3,3,2,160.0,-17.696196,-63.15395,109000.0,Barrio Santa Isabel.,Distrito 5,252.0,681.25
80,6,6,2,432.0,-17.747164,-63.156128,239000.0,Barrio Santa Isabel.,Distrito 5,453.0,553.2407407407408
83,4,4,3,337.0,-17.702665,-63.153355,285000.0,Barrio Santa Isabel.,Distrito 5,770.0,845.6973293768546
85,4,4,2,420.0,-17.797323,-63.212589,270000.0,BARRIO URBARI,Distrito Municipal 4Â ,240.0,642.8571428571429
86,3,2,2,115.0,-17.754711,-63.064362,62000.0,Barrio San Jorge,Distrito 6,349.0,539.1304347826087
89,4,2,4,280.0,-17.842651,-63.178833,180000.0,Barrio Transportista,Distrito 9Â ,582.0,642.8571428571429
92,4,5,1,386.0,-17.769693,-63.109882,213000.0,Barrio las Pampita,Distrito 6,450.0,551.8134715025907
97,3,4,3,179.0,-17.770327,-63.167564,259900.0,Barrio Chino,Distrito 2,500.0,1451.95530726257
100,3,2,1,233.0,-17.700815,-63.177635,130000.0,Barrio Santa Isabel.,Distrito 5,107.0,557.9399141630902
103,3,5,2,348.0,-17.786076,-63.21619,250000.0,Barrio Irma Suarez,Distrito Municipal 1,210.0,718.3908045977012
105,4,4,2,230.0,-17.698566,-63.158756,135000.0,Barrio Santa Isabel.,Distrito 5,301.0,586.9565217391304
107,3,2,2,120.0,-17.787155,-63.073242,57000.0,Barrio El Condado,Distrito 7,280.0,475.0
109,3,5,2,298.0,-17.820229,-63.222076,225000.0,Barrio el periodista,Distrito 10,301.0,755.0335570469799
110,4,3,4,236.0,-17.70248,-63.165207,175000.0,Barrio Santa Isabel.,Distrito 5,229.0,741.5254237288135
111,4,7,5,500.0,-17.738491,-63.165871,500000.0,Barrio Santa Isabel.,Distrito 5,445.0,1000.0
113,4,4,4,387.0,-17.777121,-63.148037,235000.0,Barrio Chino,Distrito 2,408.0,607.235142118863
115,4,3,4,247.0,-17.702164,-63.17841,145000.0,Barrio Santa Isabel.,Distrito 5,303.0,587.0445344129555
116,3,3,1,208.0,-17.719328,-63.179283,125000.0,Barrio Santa Isabel.,Distrito 5,120.0,600.9615384615385
117,4,3,2,290.0,-17.703453,-63.170101,245000.0,Barrio Santa Isabel.,Distrito 5,290.0,844.8275862068965
118,8,3,5,232.0,-17.8125,-63.143879,105000.0,Barrio San Francisco,Distrito 8,425.0,452.58620689655174
121,4,6,2,397.0,-17.769041,-63.154781,295000.0,Barrio Chino,Distrito 2,330.0,743.0730478589421
123,4,6,4,409.0,-17.757698,-63.198536,580000.0,Barrio el Manchon,Distrito Municipal 1,562.0,1418.0929095354522
126,5,6,2,368.0,-17.807301,-63.210766,620000.0,BARRIO URBARI,Distrito Municipal 4Â ,669.0,1684.7826086956522
128,3,3,2,180.0,-17.695139,-63.169609,125000.0,Barrio Santa Isabel.,Distrito 5,160.0,694.4444444444445
129,4,5,2,313.0,-17.745337,-63.175457,580000.0,Barrio el Manchon,Distrito Municipal 1,550.0,1853.035143769968
133,5,7,2,480.0,-17.748144,-63.175568,590000.0,Barrio el Manchon,Distrito Municipal 1,453.0,1229.1666666666667
134,3,3,2,134.0,-17.819418,-63.233227,128000.0,Barrio los Olivos,Distrito 10,170.0,955.223880597015
140,3,4,2,367.0,-17.721985,-63.16143,239000.0,Barrio Santa Isabel.,Distrito 5,289.0,651.2261580381471
143,3,3,2,168.0,-17.766342,-63.150875,110000.0,Barrio Chino,Distrito 2,150.0,654.7619047619048
145,3,5,1,372.0,-17.715965,-63.167782,290000.0,Barrio Santa Isabel.,Distrito 5,369.0,779.5698924731183
146,4,4,2,222.0,-17.69479,-63.170044,189000.0,Barrio Santa Isabel.,Distrito 5,186.0,851.3513513513514
147,3,4,3,457.0,-17.844065,-63.191402,278000.0,Barrio Saguapac sur,Distrito 9Â ,205.0,608.3150984682713
148,3,4,2,240.0,-17.685719,-63.152317,110900.0,Barrio Santa Isabel.,Distrito 5,180.0,462.0833333333333
149,6,5,2,464.0,-17.796209,-63.206238,271120.0,BARRIO URBARI,Distrito Municipal 4Â ,599.0,584.3103448275862
150,3,4,2,383.0,-17.792549,-63.195148,365000.0,BARRIO URBARI,Distrito Municipal 4Â ,586.0,953.0026109660574
151,3,3,2,120.0,-17.711517,-63.174908,99000.0,Barrio Santa Isabel.,Distrito 5,150.0,825.0
153,5,3,4,225.0,-17.71949,-63.159973,165000.0,Barrio Santa Isabel.,Distrito 5,548.0,733.3333333333334
157,3,4,2,207.0,-17.740124,-63.188122,160000.0,Barrio Santa Isabel.,Distrito 5,232.0,772.9468599033817
162,3,4,2,210.0,-17.709669,-63.167912,135000.0,Barrio Santa Isabel.,Distrito 5,233.0,642.8571428571429
163,6,7,1,410.0,-17.764162,-63.167488,309000.0,Barrio Chino,Distrito 2,229.0,753.6585365853658
164,4,3,2,250.0,-17.703093,-63.180805,164998.0,Barrio Santa Isabel.,Distrito 5,270.0,659.992
165,3,3,2,288.0,-17.735008,-63.165146,280000.0,Barrio Santa Isabel.,Distrito 5,377.0,972.2222222222222
166,5,5,4,571.0,-17.731726,-63.173225,430000.0,Barrio Santa Isabel.,Distrito 5,525.0,753.0647985989492
168,4,4,2,363.0,-17.766531,-63.201412,495000.0,BARRIO EQUIPETROL,Distrito Municipal 1,294.0,1363.6363636363637
169,3,2,2,100.0,-17.787457,-63.107162,65000.0,Barrio El Condado,Distrito 7,374.0,650.0
171,5,4,4,298.0,-17.75355,-63.187775,200000.0,Barrio el Manchon,Distrito Municipal 1,413.0,671.1409395973154
172,5,4,2,245.0,-17.714069,-63.186535,185000.0,Barrio Santa Isabel.,Distrito 5,360.0,755.1020408163265
173,4,3,1,280.0,-17.772804,-63.187225,249000.0,Barrio Panamericano,Distrito 11,222.0,889.2857142857143
174,3,5,2,172.0,-17.718925,-63.17868,165000.0,Barrio Santa Isabel.,Distrito 5,190.0,959.3023255813954
175,5,5,2,400.0,-17.712418,-63.167007,170000.0,Barrio Santa Isabel.,Distrito 5,315.0,425.0
176,3,3,2,197.0,-17.782724,-63.209839,165000.0,Barrio Santa Rosa,Distrito Municipal 1,180.0,837.5634517766498
178,5,4,2,170.0,-17.817701,-63.23061,160000.0,Barrio los Olivos,Distrito 10,160.0,941.1764705882352
179,3,3,2,135.0,-17.692966,-63.169647,90000.0,Barrio Santa Isabel.,Distrito 5,178.0,666.6666666666666
182,5,6,2,633.0,-17.742903,-63.166191,460000.0,Barrio Santa Isabel.,Distrito 5,300.0,726.698262243286
183,3,3,2,127.0,-17.685768,-63.175125,75000.0,Barrio Santa Isabel.,Distrito 5,180.0,590.5511811023622
185,5,4,2,420.0,-17.778105,-63.209949,345300.0,Barrio Santa Rosa,Distrito Municipal 1,360.0,822.1428571428571
188,3,3,2,285.0,-17.72086,-63.157726,305000.0,Barrio Santa Isabel.,Distrito 5,230.0,1070.1754385964912
189,3,3,2,120.0,-17.705931,-63.145359,87500.0,Barrio Santa Isabel.,Distrito 5,180.0,729.1666666666666
190,4,2,2,217.0,-17.846247,-63.159775,100000.0,Barrio Casa Nova II,Distrito 12,360.0,460.8294930875576
191,3,2,2,190.0,-17.707451,-63.165745,180001.0,Barrio Santa Isabel.,Distrito 5,376.0,947.3736842105263
192,4,2,4,285.0,-17.727278,-63.175476,150000.0,Barrio Santa Isabel.,Distrito 5,400.0,526.3157894736842
197,4,3,2,205.0,-17.745035,-63.090946,92000.0,Barrio La Purisima,Distrito 6,183.0,448.780487804878
203,4,4,2,340.0,-17.743801,-63.169903,165000.0,Barrio Santa Isabel.,Distrito 5,245.0,485.29411764705884
204,5,5,5,353.0,-17.763292,-63.20298,350000.0,Barrio el Manchon,Distrito Municipal 1,350.0,991.5014164305949
206,4,7,4,470.0,-17.731152,-63.171944,380000.0,Barrio Santa Isabel.,Distrito 5,380.0,808.5106382978723
208,3,3,2,120.0,-17.705925,-63.145493,87500.0,Barrio Santa Isabel.,Distrito 5,180.0,729.1666666666666
209,3,2,4,139.0,-17.819832,-63.220734,142000.0,Barrio el periodista,Distrito 10,456.0,1021.5827338129496
210,3,4,3,452.0,-17.79253,-63.16906,198000.0,Barrio Lindo,Distrito 11,400.0,438.05309734513276
211,5,5,4,451.0,-17.76347,-63.173439,690000.0,Barrio Chino,Distrito 2,683.0,1529.9334811529934
213,4,5,4,300.0,-17.71513,-63.159481,375000.0,Barrio Santa Isabel.,Distrito 5,464.0,1250.0
214,3,2,2,166.0,-17.762903,-63.081997,70000.0,Barrio San Jorge,Distrito 6,295.0,421.68674698795184
215,3,3,2,120.0,-17.72064,-63.167473,135000.0,Barrio Santa Isabel.,Distrito 5,120.0,1125.0
216,3,2,2,120.0,-17.864836,-63.150616,59900.0,Barrio 25 De Junio,Distrito 12,180.0,499.1666666666667
222,6,3,2,290.0,-17.786379,-63.202091,280000.0,Barrio Santa Rosa,Distrito Municipal 1,330.0,965.5172413793103
223,3,3,3,421.0,-17.708723,-63.168297,170000.0,Barrio Santa Isabel.,Distrito 5,421.0,403.80047505938245
224,4,2,0,202.0,-17.784061,-63.172977,249000.0,Barrio Lindo,Distrito 11,307.0,1232.6732673267327
225,4,3,2,160.0,-17.684361,-63.17852,99856.32,Barrio Santa Isabel.,Distrito 5,160.0,624.1020000000001
226,3,4,2,234.0,-17.722637,-63.167675,320000.0,Barrio Santa Isabel.,Distrito 5,325.0,1367.5213675213674
227,3,4,2,282.0,-17.799746,-63.197662,350000.0,BARRIO URBARI,Distrito Municipal 4Â ,288.0,1241.1347517730496
232,3,3,2,140.0,-17.703089,-63.185368,109000.0,Barrio Santa Isabel.,Distrito 5,160.0,778.5714285714286
233,4,4,2,260.0,-17.77277,-63.201511,360000.0,BARRIO EQUIPETROL,Distrito Municipal 1,208.0,1384.6153846153845
235,3,3,2,304.38,-17.722162,-63.152637,110000.0,Barrio Santa Isabel.,Distrito 5,240.0,361.39036730402785
236,3,3,2,127.0,-17.685781,-63.175091,75000.0,Barrio Santa Isabel.,Distrito 5,180.0,590.5511811023622
237,5,5,4,624.0,-17.817238,-63.215042,470000.0,Barrio California,Distrito 10,622.0,753.2051282051282
238,4,3,2,185.0,-17.694061,-63.169579,125000.0,Barrio Santa Isabel.,Distrito 5,160.0,675.6756756756756
239,3,3,2,300.0,-17.771606,-63.199581,170000.0,BARRIO EQUIPETROL,Distrito Municipal 1,190.0,566.6666666666666
242,3,3,2,208.0,-17.770006,-63.102448,100000.0,Barrio las Pampita,Distrito 6,489.0,480.7692307692308
244,8,5,2,476.0,-17.785675,-63.173374,528000.0,Barrio Lindo,Distrito 11,392.0,1109.2436974789916
245,4,4,3,270.0,-17.798571,-63.220657,244000.0,Barrio Irma Suarez,Distrito Municipal 1,315.0,903.7037037037037
247,4,6,3,337.0,-17.716354,-63.149437,265000.0,Barrio Santa Isabel.,Distrito 5,248.0,786.3501483679526
252,3,3,2,154.0,-17.759413,-63.091206,86000.0,Barrio San Jorge,Distrito 6,300.0,558.4415584415584
253,5,3,0,268.0,-17.784372,-63.175274,198000.0,Barrio Lindo,Distrito 11,220.0,738.8059701492538
254,4,6,2,473.0,-17.748318,-63.175312,585000.0,Barrio el Manchon,Distrito Municipal 1,486.0,1236.7864693446088
255,3,3,2,210.0,-17.689646,-63.147957,135000.0,Barrio Santa Isabel.,Distrito 5,206.0,642.8571428571429
257,3,3,2,205.0,-17.707022,-63.163662,138000.0,Barrio Santa Isabel.,Distrito 5,360.0,673.170731707317
258,4,4,2,204.0,-17.7138,-63.172226,240000.0,Barrio Santa Isabel.,Distrito 5,204.0,1176.4705882352941
260,5,5,2,398.0,-17.710201,-63.16922,170000.0,Barrio Santa Isabel.,Distrito 5,315.0,427.1356783919598
263,5,5,4,450.0,-17.764606,-63.174313,690000.0,Barrio Chino,Distrito 2,683.0,1533.3333333333333
264,4,5,3,410.0,-17.703669,-63.152931,355000.0,Barrio Santa Isabel.,Distrito 5,450.0,865.8536585365854
265,3,4,2,300.0,-17.716089,-63.168228,239500.0,Barrio Santa Isabel.,Distrito 5,300.0,798.3333333333334
266,4,4,2,288.0,-17.735065,-63.165272,280000.0,Barrio Santa Isabel.,Distrito 5,377.0,972.2222222222222
267,3,2,2,115.0,-17.689186,-63.155041,92000.0,Barrio Santa Isabel.,Distrito 5,220.0,800.0
268,3,2,3,173.0,-17.746183,-63.160915,175000.0,Barrio Santa Isabel.,Distrito 5,420.0,1011.5606936416185
269,3,2,3,138.0,-17.684092,-63.152744,105000.0,Barrio Santa Isabel.,Distrito 5,224.0,760.8695652173913
276,3,2,2,126.0,-17.761087,-63.10873,94000.0,Barrio La Purisima,Distrito 6,360.0,746.031746031746
278,6,6,2,467.0,-17.776964,-63.167072,360000.0,Barrio Lindo,Distrito 11,838.0,770.8779443254818
281,3,2,2,185.0,-17.795872,-63.064953,95000.0,Barrio El Condado,Distrito 7,315.0,513.5135135135135
283,4,4,2,323.0,-17.714401,-63.165092,265000.0,Barrio Santa Isabel.,Distrito 5,456.0,820.4334365325077
284,3,2,2,115.0,-17.708166,-63.188038,99900.0,Barrio Santa Isabel.,Distrito 5,187.0,868.695652173913
288,3,3,3,303.0,-17.740461,-63.16304,390000.0,Barrio Santa Isabel.,Distrito 5,359.0,1287.1287128712872
289,3,3,2,222.0,-17.722771,-63.167503,325000.0,Barrio Santa Isabel.,Distrito 5,205.0,1463.963963963964
294,5,6,3,400.0,-17.817247,-63.210716,255000.0,Barrio Flamingo,Distrito 10,556.0,637.5
295,3,3,2,255.0,-17.768335,-63.204365,240000.0,BARRIO EQUIPETROL,Distrito Municipal 1,255.0,941.1764705882352
299,4,6,3,457.0,-17.761988,-63.177395,360000.0,Barrio Chino,Distrito 2,762.0,787.746170678337
301,4,3,2,191.0,-17.733637,-63.156452,168900.0,Barrio Santa Isabel.,Distrito 5,204.0,884.2931937172775
303,3,3,2,150.0,-17.700439,-63.162418,179700.0,Barrio Santa Isabel.,Distrito 5,183.0,1198.0
304,4,5,2,185.0,-17.770317,-63.168297,149900.0,Barrio Chino,Distrito 2,165.0,810.2702702702703
305,4,3,4,364.0,-17.754082,-63.171646,1330000.0,Barrio Chino,Distrito 2,263.0,3653.846153846154
307,5,4,4,660.0,-17.797558,-63.211723,250000.0,BARRIO URBARI,Distrito Municipal 4Â ,402.0,378.7878787878788
308,3,3,2,161.0,-17.722761,-63.155682,155000.0,Barrio Santa Isabel.,Distrito 5,150.0,962.7329192546584
309,4,6,3,479.0,-17.803791,-63.169197,498000.0,Barrio Polanco,Distrito Municipal 3,537.0,1039.6659707724425
310,6,7,4,659.0,-17.770924,-63.162098,480000.0,Barrio Chino,Distrito 2,627.0,728.3763277693475
312,4,2,2,122.0,-17.706579,-63.146736,85000.0,Barrio Santa Isabel.,Distrito 5,180.0,696.7213114754098
313,3,2,2,222.0,-17.747396,-63.180855,160000.0,Barrio el Manchon,Distrito Municipal 1,167.0,720.7207207207207
315,3,3,2,166.0,-17.703362,-63.153854,120000.0,Barrio Santa Isabel.,Distrito 5,310.0,722.8915662650602
316,3,3,2,168.0,-17.717548,-63.148384,159000.0,Barrio Santa Isabel.,Distrito 5,261.0,946.4285714285714
318,3,2,2,115.0,-17.707949,-63.188038,99900.0,Barrio Santa Isabel.,Distrito 5,187.0,868.695652173913
319,8,3,2,325.0,-17.737192,-63.161045,350000.0,Barrio Santa Isabel.,Distrito 5,250.0,1076.923076923077
320,3,4,1,208.0,-17.72102,-63.181274,125000.0,Barrio Santa Isabel.,Distrito 5,208.0,600.9615384615385
321,4,4,3,265.0,-17.700665,-63.163105,279600.0,Barrio Santa Isabel.,Distrito 5,225.0,1055.0943396226414
323,3,2,2,120.0,-17.717978,-63.148041,97500.0,Barrio Santa Isabel.,Distrito 5,180.0,812.5
324,4,5,2,409.0,-17.762482,-63.19981,550000.0,Barrio el Manchon,Distrito Municipal 1,562.0,1344.7432762836186
325,3,3,2,189.0,-17.744076,-63.095726,89000.0,Barrio La Purisima,Distrito 6,183.0,470.8994708994709
326,1,2,0,531.0,-17.746132,-63.188206,280000.0,Barrio el Manchon,Distrito Municipal 1,363.0,527.3069679849341
328,3,5,2,273.0,-17.804737,-63.156387,180000.0,Barrio Polanco,Distrito Municipal 3,273.0,659.3406593406594
329,3,2,2,202.0,-17.769354,-63.152794,150000.0,Barrio Chino,Distrito 2,202.0,742.5742574257425
330,4,3,2,190.0,-17.822878,-63.215405,119000.0,Barrio California,Distrito 10,190.0,626.3157894736842
331,3,3,2,220.0,-17.707268,-63.188038,180000.0,Barrio Santa Isabel.,Distrito 5,220.0,818.1818181818181
336,3,3,2,165.0,-17.714125,-63.173145,137000.0,Barrio Santa Isabel.,Distrito 5,165.0,830.3030303030303
337,3,3,2,234.0,-17.703529,-63.184319,179000.0,Barrio Santa Isabel.,Distrito 5,360.0,764.957264957265
344,2,2,1,142.0,-17.792213,-63.183609,120000.0,Barrio FÃ© y AlegrÃ­a,Distrito 11,178.0,845.0704225352113
346,2,2,2,180.0,-17.719746,-63.142666,73500.0,Barrio Santa Isabel.,Distrito 5,180.0,408.3333333333333
347,4,2,1,100.0,-17.772734,-63.165123,115000.0,Barrio Chino,Distrito 2,120.0,1150.0
348,6,5,2,303.0,-17.725704,-63.152985,185000.0,Barrio Santa Isabel.,Distrito 5,422.0,610.5610561056105
349,3,2,2,178.0,-17.710896,-63.16967,130000.0,Barrio Santa Isabel.,Distrito 5,178.0,730.3370786516854
351,4,4,2,357.0,-17.731428,-63.081486,78000.0,Barrio San Jorge,Distrito 6,438.0,218.48739495798318
352,3,3,3,193.0,-17.815374,-63.179394,179000.0,BARRIO VICTORIA,Distrito Municipal 4Â ,193.0,927.4611398963731
354,3,2,1,251.0,-17.781723,-63.163685,190000.0,Barrio Chino,Distrito 2,251.0,756.9721115537849
355,4,3,2,167.0,-17.779436,-63.212353,140000.0,Barrio Santa Rosa,Distrito Municipal 1,167.0,838.3233532934132
357,4,5,3,220.0,-17.697117,-63.180988,135000.0,Barrio Santa Isabel.,Distrito 5,220.0,613.6363636363636
359,3,4,1,168.0,-17.708361,-63.168125,105000.0,Barrio Santa Isabel.,Distrito 5,168.0,625.0
360,4,2,0,451.0,-17.77976,-63.173794,400000.0,Barrio Lindo,Distrito 11,504.0,886.9179600886918
363,3,3,2,150.0,-17.702513,-63.17487,95000.0,Barrio Santa Isabel.,Distrito 5,150.0,633.3333333333334
364,3,4,2,248.0,-17.757332,-63.175961,198500.0,Barrio Chino,Distrito 2,248.0,800.4032258064516
366,3,3,2,165.0,-17.714966,-63.1735,132000.0,Barrio Santa Isabel.,Distrito 5,165.0,800.0
367,5,4,2,220.0,-17.838638,-63.178757,190000.0,Barrio Transportista,Distrito 9Â ,290.0,863.6363636363636
368,4,3,2,185.0,-17.720921,-63.179176,136000.0,Barrio Santa Isabel.,Distrito 5,185.0,735.1351351351351
369,5,2,2,375.0,-17.794716,-63.185081,270000.0,Barrio FÃ© y AlegrÃ­a,Distrito 11,337.0,720.0
371,4,3,2,205.0,-17.786362,-63.20911,172000.0,Barrio Santa Rosa,Distrito Municipal 1,205.0,839.0243902439024
374,3,4,3,190.0,-17.699423,-63.180958,124000.0,Barrio Santa Isabel.,Distrito 5,190.0,652.6315789473684
375,6,5,2,200.0,-17.710375,-63.166065,165000.0,Barrio Santa Isabel.,Distrito 5,150.0,825.0
376,4,4,2,226.0,-17.794195,-63.199871,240000.0,BARRIO URBARI,Distrito Municipal 4Â ,375.0,1061.9469026548672
377,5,3,2,229.0,-17.838684,-63.174095,140000.0,Barrio Transportista,Distrito 9Â ,375.0,611.353711790393
381,3,4,3,292.0,-17.73493,-63.165283,285000.0,Barrio Santa Isabel.,Distrito 5,292.0,976.027397260274
382,3,2,0,217.0,-17.778902,-63.196796,165000.0,BARRIO EQUIPETROL,Distrito Municipal 1,217.0,760.36866359447
383,4,3,4,350.0,-17.801174,-63.225903,570000.0,Barrio Irma Suarez,Distrito Municipal 1,650.0,1628.5714285714287
384,4,5,2,205.0,-17.791201,-63.09045,117000.0,Barrio El Condado,Distrito 7,225.0,570.7317073170732
386,7,2,1,431.0,-17.754492,-63.17173,200000.0,Barrio Chino,Distrito 2,258.0,464.0371229698376
387,3,3,2,220.0,-17.708246,-63.190269,180000.0,Barrio Santa Isabel.,Distrito 5,220.0,818.1818181818181
389,3,4,4,300.0,-17.751055,-63.163387,255000.0,Barrio Santa Isabel.,Distrito 5,300.0,850.0
390,3,3,2,153.0,-17.724478,-63.182514,100000.0,Barrio Santa Isabel.,Distrito 5,153.0,653.59477124183
392,4,4,3,208.0,-17.711599,-63.167698,144000.0,Barrio Santa Isabel.,Distrito 5,208.0,692.3076923076923
394,3,3,2,176.0,-17.780607,-63.092175,122000.0,Barrio El Condado,Distrito 7,180.0,693.1818181818181
395,4,5,3,240.0,-17.765076,-63.186111,229000.0,BARRIO EQUIPETROL,Distrito Municipal 1,240.0,954.1666666666666
397,3,4,2,145.0,-17.713739,-63.169651,116000.0,Barrio Santa Isabel.,Distrito 5,243.0,800.0
398,3,3,2,269.0,-17.755798,-63.169109,285900.0,Barrio Chino,Distrito 2,269.0,1062.825278810409
399,3,5,4,355.0,-17.714525,-63.159184,420000.0,Barrio Santa Isabel.,Distrito 5,355.0,1183.0985915492959
400,5,7,3,617.0,-17.71806,-63.163563,485000.0,Barrio Santa Isabel.,Distrito 5,617.0,786.061588330632
401,4,4,3,464.0,-17.695002,-63.162632,475000.0,Barrio Santa Isabel.,Distrito 5,498.0,1023.7068965517242
402,4,3,3,350.0,-17.754765,-63.193695,310000.0,Barrio el Manchon,Distrito Municipal 1,350.0,885.7142857142857
406,4,4,2,264.0,-17.702583,-63.189747,208000.0,Barrio Santa Isabel.,Distrito 5,264.0,787.8787878787879
408,3,3,2,333.0,-17.784254,-63.173954,220000.0,Barrio Lindo,Distrito 11,382.0,660.6606606606607
413,3,4,3,173.0,-17.766182,-63.158428,160000.0,Barrio Chino,Distrito 2,173.0,924.8554913294797
414,3,3,3,295.0,-17.735916,-63.165295,285000.0,Barrio Santa Isabel.,Distrito 5,295.0,966.1016949152543
423,3,3,2,129.0,-17.706947,-63.154636,108000.0,Barrio Santa Isabel.,Distrito 5,129.0,837.2093023255813
426,3,3,2,150.0,-17.868254,-63.183277,83000.0,Barrio Florida,Distrito 12,150.0,553.3333333333334
428,4,5,2,300.0,-17.778751,-63.159996,215000.0,Barrio Chino,Distrito 2,330.0,716.6666666666666
429,2,1,3,299.0,-17.757328,-63.192688,408000.0,Barrio el Manchon,Distrito Municipal 1,299.0,1364.5484949832776
430,3,2,1,184.0,-17.822029,-63.177155,145000.0,BARRIO VICTORIA,Distrito Municipal 4Â ,184.0,788.0434782608696
433,3,4,2,160.0,-17.703333,-63.175343,107000.0,Barrio Santa Isabel.,Distrito 5,160.0,668.75
435,3,3,2,116.0,-17.72316,-63.181965,95000.0,Barrio Santa Isabel.,Distrito 5,116.0,818.9655172413793
436,3,2,3,153.0,-17.783772,-63.140423,121000.0,Barrio Guaracachi,Distrito 6,357.0,790.8496732026143
441,4,3,4,300.0,-17.744514,-63.160988,180000.0,Barrio Santa Isabel.,Distrito 5,300.0,600.0
442,3,3,2,152.0,-17.710783,-63.13871,87000.0,Barrio Santa Isabel.,Distrito 5,152.0,572.3684210526316
445,3,2,2,170.0,-17.845407,-63.2057,114000.0,Barrio Los Cumpas,Distrito 9Â ,316.0,670.5882352941177
446,3,3,2,150.0,-17.714861,-63.166759,119000.0,Barrio Santa Isabel.,Distrito 5,150.0,793.3333333333334
447,2,3,2,118.0,-17.693661,-63.168713,72000.0,Barrio Santa Isabel.,Distrito 5,118.0,610.1694915254237
450,5,8,3,895.0,-17.791687,-63.16777,725407.0,Barrio Lindo,Distrito 11,895.0,810.5106145251397
451,4,4,2,215.0,-17.779903,-63.213646,230000.0,Barrio Irma Suarez,Distrito Municipal 1,243.0,1069.7674418604652
455,3,2,2,129.0,-17.687651,-63.159142,98000.0,Barrio Santa Isabel.,Distrito 5,129.0,759.6899224806201
457,6,6,6,528.0,-17.743067,-63.156731,490000.0,Barrio Santa Isabel.,Distrito 5,528.0,928.030303030303
458,3,4,2,165.0,-17.714155,-63.173126,132000.0,Barrio Santa Isabel.,Distrito 5,165.0,800.0
459,3,3,2,220.0,-17.747295,-63.182156,265000.0,Barrio el Manchon,Distrito Municipal 1,205.0,1204.5454545454545
461,3,4,3,275.0,-17.741043,-63.16864,209000.0,Barrio Santa Isabel.,Distrito 5,275.0,760.0
462,3,3,2,194.0,-17.764393,-63.096481,105000.0,Barrio La Purisima,Distrito 6,194.0,541.2371134020618
463,5,3,0,200.0,-17.74748,-63.192799,180000.0,Barrio el Manchon,Distrito Municipal 1,310.0,900.0
464,3,4,2,245.0,-17.818178,-63.220963,375000.0,Barrio el periodista,Distrito 10,860.0,1530.6122448979593
465,3,2,2,220.0,-17.723932,-63.170242,225000.0,Barrio Santa Isabel.,Distrito 5,220.0,1022.7272727272727
466,3,2,2,212.0,-17.684656,-63.163448,99900.0,Barrio Santa Isabel.,Distrito 5,212.0,471.22641509433964
469,6,4,2,198.0,-17.786634,-63.125168,89500.0,Barrio El Condado,Distrito 7,198.0,452.020202020202
470,4,3,2,316.0,-17.772036,-63.159882,179000.0,Barrio Chino,Distrito 2,221.0,566.4556962025316
471,4,2,2,257.0,-17.773285,-63.168423,190000.0,Barrio Lindo,Distrito 11,507.0,739.2996108949417
472,3,3,2,184.0,-17.789667,-63.209301,140000.0,Barrio Santa Rosa,Distrito Municipal 1,184.0,760.8695652173913
473,3,3,2,120.0,-17.837357,-63.210049,84000.0,Barrio 27 de mayo,Distrito 10,120.0,700.0
474,3,3,2,158.0,-17.706203,-63.153576,130000.0,Barrio Santa Isabel.,Distrito 5,250.0,822.7848101265823
477,3,2,2,100.0,-17.848034,-63.171185,78000.0,Barrio Militar Nuevo Amanecer,Distrito 12,300.0,780.0
478,5,7,2,353.0,-17.754511,-63.163982,315000.0,Barrio Chino,Distrito 2,353.0,892.3512747875354
479,3,2,3,130.0,-17.753878,-63.174423,185000.0,Barrio Chino,Distrito 2,130.0,1423.076923076923
480,3,4,2,251.0,-17.753075,-63.186893,160000.0,Barrio el Manchon,Distrito Municipal 1,251.0,637.4501992031873
481,4,3,3,190.0,-17.696701,-63.181049,135000.0,Barrio Santa Isabel.,Distrito 5,190.0,710.5263157894736
482,3,3,2,190.0,-17.704248,-63.153343,183000.0,Barrio Santa Isabel.,Distrito 5,430.0,963.1578947368421
483,3,3,2,224.0,-17.701748,-63.189625,205000.0,Barrio Santa Isabel.,Distrito 5,356.0,915.1785714285714
485,3,3,2,121.0,-17.69507,-63.140621,130000.0,Barrio Santa Isabel.,Distrito 5,260.0,1074.3801652892562
486,4,3,4,400.0,-17.740257,-63.153835,265000.0,Barrio Santa Isabel.,Distrito 5,400.0,662.5
487,5,5,2,239.0,-17.75423,-63.180176,235000.0,Barrio el Manchon,Distrito Municipal 1,411.0,983.2635983263598
491,4,5,3,282.0,-17.755138,-63.196175,430000.0,Barrio el Manchon,Distrito Municipal 1,367.0,1524.822695035461
492,4,3,2,257.22,-17.744633,-63.160942,160000.0,Barrio Santa Isabel.,Distrito 5,180.0,622.0356115387606
493,3,3,2,199.0,-17.687662,-63.168427,189000.0,Barrio Santa Isabel.,Distrito 5,294.0,949.748743718593
494,7,8,5,929.0,-17.807835,-63.177868,870000.0,Barrio Aeronautico,Distrito Municipal 4Â ,972.0,936.4908503767492
495,3,4,2,250.0,-17.8064,-63.211376,179000.0,BARRIO URBARI,Distrito Municipal 4Â ,210.0,716.0
496,3,3,1,155.0,-17.730461,-63.159866,95000.0,Barrio Santa Isabel.,Distrito 5,155.0,612.9032258064516
499,4,4,4,185.0,-17.699274,-63.18248,138000.0,Barrio Santa Isabel.,Distrito 5,185.0,745.9459459459459
503,5,5,1,389.0,-17.793493,-63.137051,150000.0,Barrio 5 de Noviembre,Distrito 7,450.0,385.60411311053986
504,4,4,2,186.0,-17.69644,-63.169998,117000.0,Barrio Santa Isabel.,Distrito 5,160.0,629.0322580645161
506,4,5,2,350.0,-17.731316,-63.171989,370000.0,Barrio Santa Isabel.,Distrito 5,350.0,1057.142857142857
510,4,4,4,185.0,-17.69916,-63.182621,138000.0,Barrio Santa Isabel.,Distrito 5,185.0,745.9459459459459
511,4,3,2,235.0,-17.800552,-63.154495,175000.0,Barrio Los Penocos,Distrito Municipal 3,350.0,744.6808510638298
512,3,4,1,126.0,-17.730293,-63.173809,105000.0,Barrio Santa Isabel.,Distrito 5,126.0,833.3333333333334
513,3,4,3,359.0,-17.753771,-63.193829,310000.0,Barrio el Manchon,Distrito Municipal 1,359.0,863.5097493036212
514,3,2,2,397.0,-17.687424,-63.15276,96000.0,Barrio Santa Isabel.,Distrito 5,397.0,241.81360201511336
515,4,3,1,165.0,-17.698477,-63.180527,92000.0,Barrio Santa Isabel.,Distrito 5,165.0,557.5757575757576
517,3,4,3,188.0,-17.687599,-63.168919,107000.0,Barrio Santa Isabel.,Distrito 5,188.0,569.1489361702128
518,4,5,0,367.0,-17.787268,-63.183064,250000.0,Barrio FÃ© y AlegrÃ­a,Distrito 11,367.0,681.1989100817439
520,3,3,2,220.0,-17.706532,-63.189411,180000.0,Barrio Santa Isabel.,Distrito 5,220.0,818.1818181818181
522,3,4,2,390.0,-17.689837,-63.161308,248000.0,Barrio Santa Isabel.,Distrito 5,390.0,635.8974358974359
523,8,6,0,444.0,-17.759283,-63.182545,270000.0,BARRIO EQUIPETROL,Distrito Municipal 1,444.0,608.1081081081081
524,3,3,2,120.0,-17.702679,-63.146343,88500.0,Barrio Santa Isabel.,Distrito 5,180.0,737.5
525,4,5,2,416.0,-17.766148,-63.1842,365000.0,BARRIO EQUIPETROL,Distrito Municipal 1,340.0,877.4038461538462
528,4,4,4,336.0,-17.699215,-63.182598,138000.0,Barrio Santa Isabel.,Distrito 5,336.0,410.7142857142857
529,6,3,1,205.0,-17.732681,-63.143497,143000.0,Barrio Santa Isabel.,Distrito 5,384.0,697.560975609756
530,3,5,3,166.0,-17.848288,-63.168236,110000.0,Barrio Militar Nuevo Amanecer,Distrito 12,166.0,662.6506024096385
531,3,2,2,162.0,-17.75802,-63.090305,76900.0,Barrio San Jorge,Distrito 6,300.0,474.69135802469134
532,5,4,3,629.0,-17.796078,-63.200478,468000.0,BARRIO URBARI,Distrito Municipal 4Â ,629.0,744.0381558028616
533,3,4,2,254.0,-17.738457,-63.182995,230000.0,Barrio Santa Isabel.,Distrito 5,254.0,905.511811023622
536,3,4,1,170.0,-17.714151,-63.173153,142000.0,Barrio Santa Isabel.,Distrito 5,170.0,835.2941176470588
538,4,3,2,112.0,-17.696152,-63.15443,105000.0,Barrio Santa Isabel.,Distrito 5,241.0,937.5
539,7,6,1,453.0,-17.79793,-63.172752,320000.0,Barrio Lindo,Distrito 11,453.0,706.401766004415
540,4,4,2,244.0,-17.694143,-63.169456,225000.0,Barrio Santa Isabel.,Distrito 5,244.0,922.1311475409836
541,4,4,2,290.0,-17.788437,-63.218037,170000.0,Barrio Irma Suarez,Distrito Municipal 1,185.0,586.2068965517242
542,6,4,3,272.0,-17.836212,-63.23468,100000.0,Barrio Madre India,Distrito 10,272.0,367.6470588235294
543,4,4,2,402.0,-17.744967,-63.164261,490000.0,Barrio Santa Isabel.,Distrito 5,402.0,1218.9054726368158
544,3,1,1,125.0,-17.855133,-63.10178,50000.0,Barrio LAB,Distrito 8,360.0,400.0
546,3,4,3,295.0,-17.734774,-63.165241,285000.0,Barrio Santa Isabel.,Distrito 5,295.0,966.1016949152543
550,7,6,0,360.0,-17.777576,-63.188751,220000.0,Barrio Panamericano,Distrito 11,272.0,611.1111111111111
552,5,3,2,245.0,-17.792418,-63.151604,168000.0,Barrio Los Penocos,Distrito Municipal 3,432.0,685.7142857142857
553,4,3,3,274.0,-17.783236,-63.169205,144500.0,Barrio Lindo,Distrito 11,274.0,527.3722627737226
555,4,4,4,220.0,-17.831495,-63.230705,128000.0,Barrio los Olivos,Distrito 10,420.0,581.8181818181819
558,4,3,4,185.0,-17.699265,-63.18111,138000.0,Barrio Santa Isabel.,Distrito 5,185.0,745.9459459459459
560,4,4,3,276.0,-17.739143,-63.182106,245000.0,Barrio Santa Isabel.,Distrito 5,276.0,887.6811594202899
562,3,3,2,156.0,-17.68294,-63.153748,108000.0,Barrio Santa Isabel.,Distrito 5,156.0,692.3076923076923
563,4,5,3,276.0,-17.746174,-63.164478,275000.0,Barrio Santa Isabel.,Distrito 5,276.0,996.3768115942029
565,3,3,2,160.0,-17.720989,-63.152714,130000.0,Barrio Santa Isabel.,Distrito 5,160.0,812.5
568,2,3,3,120.0,-17.80835,-63.160355,135000.0,Barrio Polanco,Distrito Municipal 3,120.0,1125.0
569,4,2,2,237.0,-17.792973,-63.195515,217500.0,BARRIO URBARI,Distrito Municipal 4Â ,237.0,917.7215189873418
570,3,4,2,190.0,-17.697136,-63.181114,124800.0,Barrio Santa Isabel.,Distrito 5,190.0,656.8421052631579
571,3,3,2,120.0,-17.846785,-63.098679,55000.0,Barrio LAB,Distrito 8,170.0,458.3333333333333
573,3,3,2,125.0,-17.701101,-63.167423,110000.0,Barrio Santa Isabel.,Distrito 5,125.0,880.0
574,5,3,1,308.0,-17.735741,-63.174004,140000.0,Barrio Santa Isabel.,Distrito 5,300.0,454.54545454545456
575,5,5,2,265.0,-17.758455,-63.0966,185000.0,Barrio La Purisima,Distrito 6,450.0,698.1132075471698
577,4,3,4,360.0,-17.744518,-63.160744,180000.0,Barrio Santa Isabel.,Distrito 5,360.0,500.0
580,4,5,4,398.0,-17.689919,-63.161308,285000.0,Barrio Santa Isabel.,Distrito 5,310.0,716.0804020100503
581,6,5,4,318.0,-17.776371,-63.133148,190000.0,Barrio Guaracachi,Distrito 6,371.0,597.4842767295597
582,4,4,1,340.0,-17.824192,-63.216427,165000.0,Barrio California,Distrito 10,337.0,485.29411764705884
584,3,4,3,250.0,-17.768953,-63.111053,120000.0,Barrio las Pampita,Distrito 6,216.0,480.0
585,3,3,2,150.0,-17.702768,-63.173759,115000.0,Barrio Santa Isabel.,Distrito 5,150.0,766.6666666666666
587,3,3,2,255.0,-17.799177,-63.195206,254000.0,BARRIO URBARI,Distrito Municipal 4Â ,283.0,996.0784313725491
588,4,4,3,324.0,-17.752773,-63.173191,335000.0,Barrio Chino,Distrito 2,324.0,1033.9506172839506
589,5,3,2,243.0,-17.792938,-63.197224,270000.0,BARRIO URBARI,Distrito Municipal 4Â ,385.0,1111.111111111111
590,2,2,2,125.0,-17.718571,-63.17712,98000.0,Barrio Santa Isabel.,Distrito 5,112.0,784.0
592,5,2,6,507.0,-17.792755,-63.165798,680000.0,Barrio Los Penocos,Distrito Municipal 3,720.0,1341.222879684418
593,3,4,2,205.0,-17.78871,-63.089626,98000.0,Barrio El Condado,Distrito 7,205.0,478.0487804878049
598,3,2,2,160.0,-17.684412,-63.178467,95000.0,Barrio Santa Isabel.,Distrito 5,160.0,593.75
600,3,3,2,128.0,-17.710426,-63.128899,115000.0,Barrio Santa Isabel.,Distrito 5,128.0,898.4375
601,5,4,2,280.0,-17.726986,-63.144379,125000.0,Barrio Santa Isabel.,Distrito 5,205.0,446.42857142857144
602,7,2,4,190.0,-17.73671,-63.142635,145000.0,Barrio Santa Isabel.,Distrito 5,190.0,763.1578947368421
603,3,3,2,160.0,-17.697094,-63.182144,124800.0,Barrio Santa Isabel.,Distrito 5,160.0,780.0
607,4,4,2,190.0,-17.696585,-63.181324,124000.0,Barrio Santa Isabel.,Distrito 5,190.0,652.6315789473684
608,7,2,2,300.0,-17.752495,-63.125748,85000.0,Barrio las Pampita,Distrito 6,200.0,283.3333333333333
611,4,5,2,156.0,-17.703465,-63.178596,108700.0,Barrio Santa Isabel.,Distrito 5,156.0,696.7948717948718
612,3,3,2,150.0,-17.717344,-63.152847,117000.0,Barrio Santa Isabel.,Distrito 5,150.0,780.0
613,4,4,2,232.0,-17.769184,-63.101944,112000.0,Barrio las Pampita,Distrito 6,232.0,482.7586206896552
615,3,3,2,165.0,-17.791046,-63.090569,114800.0,Barrio El Condado,Distrito 7,225.0,695.7575757575758
616,1,1,3,200.0,-17.785696,-63.191013,340000.0,Barrio FÃ© y AlegrÃ­a,Distrito 11,200.0,1700.0
618,5,4,3,380.0,-17.800671,-63.179977,255000.0,Barrio Aeronautico,Distrito Municipal 4Â ,380.0,671.0526315789474
620,4,4,3,415.0,-17.84557,-63.188717,320000.0,Barrio Guadalupe,Distrito 9Â ,625.0,771.0843373493976
622,4,3,2,300.0,-17.682581,-63.154289,160000.0,Barrio Santa Isabel.,Distrito 5,300.0,533.3333333333334
623,4,5,2,500.0,-17.76009,-63.197002,875000.0,Barrio el Manchon,Distrito Municipal 1,625.0,1750.0
624,3,4,3,250.0,-17.701298,-63.160313,280000.0,Barrio Santa Isabel.,Distrito 5,250.0,1120.0
626,3,3,2,144.0,-17.75351,-63.166325,125000.0,Barrio Chino,Distrito 2,144.0,868.0555555555555
627,8,5,3,422.0,-17.793102,-63.210953,398000.0,Barrio Irma Suarez,Distrito Municipal 1,422.0,943.127962085308
629,4,3,2,161.0,-17.786654,-63.125137,89500.0,Barrio El Condado,Distrito 7,161.0,555.9006211180124
631,3,3,2,303.0,-17.740707,-63.163128,390000.0,Barrio Santa Isabel.,Distrito 5,303.0,1287.1287128712872
632,3,3,2,153.0,-17.724468,-63.182529,100000.0,Barrio Santa Isabel.,Distrito 5,153.0,653.59477124183
634,5,3,2,168.0,-17.701345,-63.146309,93000.0,Barrio Santa Isabel.,Distrito 5,240.0,553.5714285714286
635,3,3,2,176.0,-17.706442,-63.187164,125000.0,Barrio Santa Isabel.,Distrito 5,186.0,710.2272727272727
637,8,7,1,656.0,-17.776991,-63.149364,299700.0,Barrio Chino,Distrito 2,656.0,456.859756097561
638,3,5,2,298.0,-17.82023,-63.222294,225000.0,Barrio el periodista,Distrito 10,298.0,755.0335570469799
639,7,3,3,180.0,-17.80888,-63.098518,97000.0,Barrio El Condado,Distrito 7,360.0,538.8888888888889
641,4,4,2,350.0,-17.799564,-63.187763,285000.0,Barrio FÃ© y AlegrÃ­a,Distrito 11,360.0,814.2857142857143
642,3,3,2,187.0,-17.713808,-63.165646,180000.0,Barrio Santa Isabel.,Distrito 5,187.0,962.5668449197861
644,3,2,4,156.0,-17.854559,-63.202194,99500.0,Barrio las americas,Distrito 9Â ,360.0,637.8205128205128
647,2,1,1,115.0,-17.740011,-63.153339,110000.0,Barrio Santa Isabel.,Distrito 5,300.0,956.5217391304348
665,3,2,0,125.46,-17.69812,-63.170249,78500.0,Barrio Santa Isabel.,Distrito 5,176.0,625.6974334449227
666,3,2,0,450.51,-17.781005,-63.092531,96000.0,Barrio El Condado,Distrito 7,450.51,213.0918292601718
667,3,2,2,176.0,-17.818238,-63.138064,105000.0,Barrio San Francisco,Distrito 8,300.0,596.5909090909091
669,5,2,0,148.22,-17.75741,-63.158029,105000.0,Barrio Chino,Distrito 2,248.0,708.4064228849008
671,8,4,7,232.29,-17.813606,-63.143034,105000.0,Barrio San Francisco,Distrito 8,425.0,452.02118042102546
672,2,1,8,180.0,-17.73338599,-63.10150625,105000.0,Barrio La Purisima,Distrito 6,720.0,583.3333333333334
674,3,2,0,165.0,-17.711294,-63.148717,105000.0,Barrio Santa Isabel.,Distrito 5,210.0,636.3636363636364
675,6,5,3,236.0,-17.844776,-63.184774,104597.7,Barrio Guadalupe,Distrito 9Â ,360.0,443.210593220339
677,3,2,2,208.5,-17.73797769,-63.10190667,100574.71,Barrio La Purisima,Distrito 6,338.24,482.3727098321343
678,8,2,0,210.0,-17.805925,-63.134989,100143.68,Barrio 5 de Noviembre,Distrito 7,405.0,476.87466666666666
680,3,5,0,218.0,-17.8125638,-63.09838774,100000.0,Barrio 5 de Noviembre,Distrito 7,329.0,458.7155963302752
681,3,2,0,115.0,-17.707818,-63.187036,99943.39,Barrio Santa Isabel.,Distrito 5,187.0,869.0729565217391
683,4,3,0,170.0,-17.701013,-63.175646,99000.0,Barrio Santa Isabel.,Distrito 5,150.75,582.3529411764706
686,3,1,2,124.8,-17.682909,-63.153775,98500.0,Barrio Santa Isabel.,Distrito 5,220.0,789.2628205128206
687,4,2,0,120.0,-17.777253,-63.161506,98000.0,Barrio Chino,Distrito 2,107.02,816.6666666666666
689,3,3,2,148.0,-17.868575,-63.146969,98000.0,Barrio Ã‘uflo de Chavez,Distrito 12,360.0,662.1621621621622
690,3,2,0,170.0,-17.700596,-63.175941,96000.0,Barrio Santa Isabel.,Distrito 5,150.61,564.7058823529412
691,7,3,0,150.0,-17.73981706,-63.19333797,95545.98,Barrio el Manchon,Distrito Municipal 1,300.0,636.9732
692,3,2,0,150.0,-17.757439,-63.097443,95545.98,Barrio La Purisima,Distrito 6,250.0,636.9732
693,5,3,4,193.0,-17.7512,-63.100126,95545.98,Barrio La Purisima,Distrito 6,405.0,495.05689119170984
695,3,3,0,150.0,-17.704325,-63.087923,95000.0,Barrio La Purisima,Distrito 6,360.0,633.3333333333334
696,4,2,0,187.5,-17.8574782,-63.19312202,95000.0,Barrio las americas,Distrito 9Â ,192.0,506.6666666666667
697,4,2,5,375.0,-17.8451,-63.118923,95000.0,Barrio LAB,Distrito 8,375.0,253.33333333333334
698,3,2,1,114.32,-17.782608,-63.137099,95000.0,Barrio Guaracachi,Distrito 6,135.34,831.000699790063
699,3,2,0,115.68,-17.75731058,-63.09092051,90517.24,Barrio San Jorge,Distrito 6,268.68,782.4795988934993
700,3,2,0,200.0,-17.858064,-63.149174,90517.24,Barrio 25 De Junio,Distrito 12,300.0,452.5862
701,3,2,1,346.0,-17.847244,-63.160014,91594.83,Barrio Casa Nova II,Distrito 12,354.0,264.7249421965318
702,3,2,0,100.0,-17.813645,-63.141355,93000.0,Barrio San Francisco,Distrito 8,375.0,930.0
704,3,3,0,200.0,-17.79446,-63.110236,90517.24,Barrio El Condado,Distrito 7,160.0,452.5862
705,4,2,2,170.0,-17.855857,-63.147642,90416.67,Barrio Ã‘uflo de Chavez,Distrito 12,225.0,531.8627647058823
706,3,3,0,128.0,-17.703139,-63.181592,94000.0,Barrio Santa Isabel.,Distrito 5,174.63,734.375
707,4,2,0,178.0,-17.860165,-63.171942,90000.0,Barrio Florida,Distrito 12,208.69,505.6179775280899
708,3,3,2,140.0,-17.711958,-63.146079,89511.49,Barrio Santa Isabel.,Distrito 5,124.0,639.3677857142858
710,8,4,4,191.03,-17.806538,-63.142178,90129.31,Barrio Los Penocos,Distrito Municipal 3,372.72,471.8070983615139
715,3,2,2,150.0,-17.71206506,-63.17111966,89500.0,Barrio Santa Isabel.,Distrito 5,150.0,596.6666666666666
716,4,4,0,166.0,-17.750875,-63.091412,89127.87,Barrio La Purisima,Distrito 6,250.0,536.9148795180722
719,3,3,0,189.0,-17.737303,-63.097155,89000.0,Barrio La Purisima,Distrito 6,183.0,470.8994708994709
720,3,3,2,112.0,-17.703087,-63.182094,88000.0,Barrio Santa Isabel.,Distrito 5,174.63,785.7142857142857
721,3,3,0,160.0,-17.782403,-63.092551,87000.0,Barrio El Condado,Distrito 7,238.0,543.75
722,3,2,4,150.0,-17.81472101,-63.10415095,89000.0,Barrio 5 de Noviembre,Distrito 7,360.0,593.3333333333334
731,4,2,1,220.0,-17.8455389,-63.10569336,85488.51,Barrio LAB,Distrito 8,417.0,388.58413636363633
732,3,2,0,138.05,-17.72757,-63.144892,85488.51,Barrio Santa Isabel.,Distrito 5,225.6,619.2575878304962
734,4,2,0,168.0,-17.84032,-63.084848,85000.0,Barrio LAB,Distrito 8,361.42,505.95238095238096
735,5,1,0,154.0,-17.76522911,-63.12188393,85000.0,Barrio las Pampita,Distrito 6,285.0,551.9480519480519
738,3,2,2,120.0,-17.702863,-63.146238,84500.0,Barrio Santa Isabel.,Distrito 5,180.0,704.1666666666666
747,3,2,0,140.0,-17.851835,-63.169977,83000.0,Barrio Palma Real,Distrito 12,360.0,592.8571428571429
749,4,2,0,100.0,-17.78687811,-63.19881996,80459.77,Barrio Santa Rosa,Distrito Municipal 1,187.5,804.5977
750,2,3,0,160.0,-17.809106,-63.105022,80459.77,Barrio 5 de Noviembre,Distrito 7,500.0,502.87356250000005
754,5,4,0,357.0,-17.731351,-63.081586,80000.0,Barrio San Jorge,Distrito 6,438.36,224.08963585434174
755,3,2,1,150.0,-17.776825,-63.122893,80000.0,Barrio las Pampita,Distrito 6,249.0,533.3333333333334
759,2,2,0,100.0,-17.698696,-63.169077,79000.0,Barrio Santa Isabel.,Distrito 5,176.0,790.0
760,2,2,2,120.8,-17.783092,-63.092041,79000.0,Barrio El Condado,Distrito 7,227.87,653.9735099337748
761,3,2,0,174.0,-17.809599,-63.104075,78000.0,Barrio 5 de Noviembre,Distrito 7,180.0,448.2758620689655
762,3,2,0,174.0,-17.809474,-63.104079,78000.0,Barrio 5 de Noviembre,Distrito 7,180.0,448.2758620689655
764,3,4,0,142.0,-17.737332,-63.104986,77000.0,Barrio La Purisima,Distrito 6,183.0,542.2535211267606
765,3,2,2,162.0,-17.759011,-63.089736,76738.51,Barrio San Jorge,Distrito 6,300.0,473.69450617283945
766,3,2,2,100.0,-17.862277,-63.183854,76000.0,Barrio Florida,Distrito 12,180.0,760.0
768,6,1,0,175.0,-17.749053,-63.1071,75000.0,Barrio La Purisima,Distrito 6,480.0,428.57142857142856
769,3,2,0,120.0,-17.710128,-63.129799,75000.0,Barrio Santa Isabel.,Distrito 5,211.68,625.0
774,3,2,2,100.0,-17.862795,-63.183807,74000.0,Barrio Florida,Distrito 12,180.0,740.0
775,3,2,0,140.0,-17.849328,-63.145423,74000.0,Barrio Ã‘uflo de Chavez,Distrito 12,360.0,528.5714285714286
778,3,2,0,140.0,-17.761463,-63.103109,72000.0,Barrio La Purisima,Distrito 6,216.0,514.2857142857143
779,4,4,3,120.0,-17.846378,-63.105164,71800.0,Barrio LAB,Distrito 8,360.0,598.3333333333334
782,3,2,0,120.0,-17.79123,-63.087401,70833.33,Barrio El Condado,Distrito 7,260.0,590.27775
785,5,2,2,100.0,-17.84478282,-63.09797473,70000.0,Barrio LAB,Distrito 8,367.92,700.0
792,3,2,0,120.0,-17.797861,-63.073838,69000.0,Barrio El Condado,Distrito 7,294.38,575.0
798,3,2,0,115.0,-17.858723,-63.149865,67385.06,Barrio 25 De Junio,Distrito 12,225.0,585.9570434782609
800,3,3,0,300.0,-17.78756258,-63.20071375,67169.54,Barrio Santa Rosa,Distrito Municipal 1,426.37,223.89846666666665
803,5,2,3,360.0,-17.831721,-63.137009,65000.0,Barrio San Francisco,Distrito 8,540.0,180.55555555555554
804,3,2,2,110.0,-17.765041,-63.104767,65000.0,Barrio La Purisima,Distrito 6,166.0,590.9090909090909
805,3,2,0,100.0,-17.753284770684,-63.083260059357,65000.0,Barrio San Jorge,Distrito 6,206.6,650.0
806,5,6,0,620.0,-17.796052,-63.094847,64655.17,Barrio El Condado,Distrito 7,232.0,104.2825322580645
807,3,3,3,120.0,-17.816661,-63.150334,65000.0,Barrio SoberanÃ­a Nacional,Distrito Municipal 3,344.0,541.6666666666666
808,4,2,3,331.28,-17.861913,-63.144163,64367.82,Barrio Ã‘uflo de Chavez,Distrito 12,383.89,194.30035015696694
809,4,1,3,173.0,-17.841544,-63.104272,63000.0,Barrio LAB,Distrito 8,360.0,364.16184971098266
810,4,2,3,255.38,-17.75999688,-63.09793346,64655.17,Barrio La Purisima,Distrito 6,360.85,253.17240974234474
811,5,2,1,241.72,-17.717662,-63.092464,61000.0,Barrio La Purisima,Distrito 6,250.15,252.35810028131723
813,4,2,0,122.0,-17.845937,-63.087745,60000.0,Barrio LAB,Distrito 8,336.0,491.8032786885246
815,4,2,0,250.0,-17.749397,-63.113617,59339.08,Barrio La Purisima,Distrito 6,360.0,237.35632
817,4,1,0,244.0,-17.844139,-63.106766,58000.0,Barrio LAB,Distrito 8,116.0,237.70491803278688
820,3,2,0,107.11,-17.727605,-63.092948,56000.0,Barrio La Purisima,Distrito 6,348.0,522.8270002800859
826,7,3,0,210.0,-17.840381,-63.102757,55000.0,Barrio LAB,Distrito 8,355.98,261.9047619047619
827,4,1,0,110.0,-17.738538,-63.117724,55000.0,Barrio La Purisima,Distrito 6,360.0,500.0
828,8,2,0,110.0,-17.80643,-63.080958,55000.0,Barrio El Condado,Distrito 7,250.0,500.0
829,3,2,0,120.43,-17.797984,-63.070051,55000.0,Barrio El Condado,Distrito 7,220.26,456.696836336461
831,4,1,2,547.0,-17.747163,-63.099717,53304.6,Barrio La Purisima,Distrito 6,364.0,97.4489945155393
832,3,2,0,120.0,-17.73777331,-63.18719987,50287.36,Barrio Santa Isabel.,Distrito 5,232.49,419.0613333333333
835,8,4,0,300.0,-17.725569,-63.085506,50000.0,Barrio San Jorge,Distrito 6,517.24,166.66666666666666
865,4,3,0,175.0,-17.850226,-63.186579,110000.0,Barrio Guadalupe,Distrito 9Â ,236.0,628.5714285714286
866,3,3,0,170.0,-17.848924,-63.186876,110632.18,Barrio Guadalupe,Distrito 9Â ,210.0,650.7775294117647
869,3,3,0,146.0,-17.702781,-63.18171,112500.0,Barrio Santa Isabel.,Distrito 5,239.82,770.5479452054794
870,5,3,0,200.0,-17.765147,-63.10556,113000.0,Barrio las Pampita,Distrito 6,351.0,565.0
873,3,3,0,130.0,-17.698862,-63.182533,110000.0,Barrio Santa Isabel.,Distrito 5,187.0,846.1538461538462
874,3,4,3,208.0,-17.701163,-63.178192,140000.0,Barrio Santa Isabel.,Distrito 5,275.0,673.0769230769231
875,3,1,0,150.0,-17.717008,-63.154896,110000.0,Barrio Santa Isabel.,Distrito 5,307.0,733.3333333333334
876,3,2,0,134.0,-17.754766,-63.100839,110000.0,Barrio La Purisima,Distrito 6,273.0,820.8955223880597
878,7,3,0,254.0,-17.82600106,-63.20932368,110000.0,Barrio Flamingo,Distrito 10,300.0,433.07086614173227
879,3,2,2,117.56,-17.716026,-63.141829,109500.0,Barrio Santa Isabel.,Distrito 5,280.0,931.4392650561415
880,3,1,0,134.0,-17.854924,-63.191772,109000.0,Barrio las americas,Distrito 9Â ,360.0,813.4328358208955
881,4,3,2,299.53,-17.825223,-63.169754,196000.0,BARRIO PRIMAVERA,Distrito 9Â ,433.2,654.3584949754617
883,5,2,0,343.0,-17.806468,-63.1266,221264.37,Barrio 5 de Noviembre,Distrito 7,360.0,645.0856268221575
884,3,3,0,208.0,-17.741879,-63.186458,218534.48,Barrio Santa Isabel.,Distrito 5,249.0,1050.6465384615385
886,3,3,0,178.0,-17.753824,-63.194199,220000.0,Barrio el Manchon,Distrito Municipal 1,204.0,1235.9550561797753
887,3,4,0,298.0,-17.81975,-63.222027,225000.0,Barrio el periodista,Distrito 10,298.0,755.0335570469799
888,6,4,5,500.0,-17.833523,-63.184412,220000.0,Barrio Saguapac sur,Distrito 9Â ,720.0,440.0
889,4,2,2,200.0,-17.811528,-63.205697,215000.0,BARRIO URBARI,Distrito Municipal 4Â ,453.75,1075.0
890,6,3,0,270.0,-17.8177179,-63.1407754,210775.86,Barrio San Francisco,Distrito 8,360.0,780.6513333333332
892,3,3,2,240.0,-17.73293,-63.145573,210000.0,Barrio Santa Isabel.,Distrito 5,240.0,875.0
893,4,2,4,263.02,-17.75347,-63.171459,210000.0,Barrio Chino,Distrito 2,364.4,798.4183712265227
894,3,3,0,300.0,-17.7876443,-63.20063356,207614.94,Barrio Santa Rosa,Distrito Municipal 1,426.0,692.0498
895,5,4,2,207.3,-17.771483,-63.197074,205172.41,BARRIO EQUIPETROL,Distrito Municipal 1,171.94,989.73666184274
896,3,2,0,170.0,-17.759533,-63.164567,206896.55,Barrio Chino,Distrito 2,345.0,1217.0385294117646
900,7,3,3,300.0,-17.78089144,-63.12104702,200287.36,Barrio El Condado,Distrito 7,400.0,667.6245333333333
902,6,5,0,300.0,-17.7359,-63.18083,199000.0,Barrio Santa Isabel.,Distrito 5,345.48,663.3333333333334
903,4,3,2,164.85,-17.781137,-63.21471,196623.56,Barrio Irma Suarez,Distrito Municipal 1,180.94,1192.7422505307857
905,3,4,0,171.0,-17.748493,-63.189455,195000.0,Barrio el Manchon,Distrito Municipal 1,312.0,1140.3508771929824
906,5,4,7,420.0,-17.840647,-63.190141,195000.0,Barrio Saguapac sur,Distrito 9Â ,846.33,464.2857142857143
907,3,2,0,154.0,-17.804929,-63.173062,190000.0,Barrio Polanco,Distrito Municipal 3,309.68,1233.7662337662337
908,8,4,3,284.47,-17.809569,-63.213296,190000.0,Barrio Flamingo,Distrito 10,323.75,667.9087425739093
910,3,3,0,360.0,-17.768435,-63.166362,189000.0,Barrio Chino,Distrito 2,150.0,525.0
912,6,4,0,413.0,-17.75434334,-63.18784689,186968.39,Barrio el Manchon,Distrito Municipal 1,264.0,452.7079661016949
913,3,3,0,204.81,-17.789831,-63.184197,186781.61,Barrio FÃ© y AlegrÃ­a,Distrito 11,235.29,911.9750500463844
916,3,2,0,223.0,-17.812653,-63.167936,185000.0,Barrio SoberanÃ­a Nacional,Distrito Municipal 3,420.0,829.5964125560538
917,5,4,2,200.0,-17.74791,-63.154819,184000.0,Barrio Santa Isabel.,Distrito 5,360.0,920.0
919,4,4,0,280.0,-17.837113,-63.184776,180000.0,Barrio Saguapac sur,Distrito 9Â ,582.0,642.8571428571429
921,5,2,3,202.0,-17.79642,-63.148813,180000.0,Barrio Los Penocos,Distrito Municipal 3,261.0,891.0891089108911
922,4,3,5,140.0,-17.791361,-63.202924,180000.0,Barrio Santa Rosa,Distrito Municipal 1,291.24,1285.7142857142858
923,6,3,4,313.0,-17.86922552,-63.181632,179900.0,Barrio Florida,Distrito 12,480.0,574.7603833865815
924,5,4,0,319.46,-17.80299821,-63.16456351,178620.69,Barrio Polanco,Distrito Municipal 3,358.0,559.133193514055
925,3,2,4,439.0,-17.778216,-63.205689,178160.92,Barrio Santa Rosa,Distrito Municipal 1,286.0,405.83353075170845
926,3,4,0,190.0,-17.7728,-63.177803,178000.0,Barrio Panamericano,Distrito 11,490.0,936.8421052631579
930,3,3,0,296.0,-17.854708,-63.167919,175000.0,Barrio Palma Real,Distrito 12,419.13,591.2162162162163
932,8,4,0,303.2,-17.813336,-63.22385,175000.0,Barrio el periodista,Distrito 10,355.5,577.1767810026386
933,5,3,0,175.0,-17.768111,-63.159586,175000.0,Barrio Chino,Distrito 2,258.92,1000.0
934,6,5,4,458.0,-17.759449,-63.070822,175000.0,Barrio San Jorge,Distrito 6,876.0,382.09606986899564
935,3,3,0,240.0,-17.713824,-63.169107,175000.0,Barrio Santa Isabel.,Distrito 5,301.0,729.1666666666666
936,5,5,1,337.0,-17.80675221,-63.16623741,174000.0,Barrio Polanco,Distrito Municipal 3,174.0,516.3204747774481
937,4,4,0,322.0,-17.777142,-63.150026,173000.0,Barrio Chino,Distrito 2,300.0,537.2670807453416
938,7,3,0,313.0,-17.799149,-63.167542,172413.79,Barrio Polanco,Distrito Municipal 3,301.0,550.8427795527157
939,4,4,5,319.0,-17.8449772,-63.12196941,171982.76,Barrio LAB,Distrito 8,455.0,539.1309090909091
940,5,2,0,328.15,-17.780278,-63.152204,170977.01,Barrio Chino,Distrito 2,331.8,521.0330946213622
943,3,2,0,230.0,-17.737201,-63.19381,170000.0,Barrio el Manchon,Distrito Municipal 1,360.0,739.1304347826087
944,6,3,2,205.74,-17.82191,-63.180563,169540.23,BARRIO VICTORIA,Distrito Municipal 4Â ,387.5,824.0508894721494
945,5,4,3,251.78,-17.838768,-63.192804,169000.0,Barrio Saguapac sur,Distrito 9Â ,405.0,671.220907141155
946,3,2,0,215.0,-17.779349,-63.214109,169000.0,Barrio Irma Suarez,Distrito Municipal 1,193.0,786.046511627907
947,8,3,0,150.0,-17.79079079,-63.20145694,168965.52,Barrio Santa Rosa,Distrito Municipal 1,300.0,1126.4368
948,3,5,0,200.0,-17.80720677,-63.16692349,166666.67,Barrio Polanco,Distrito Municipal 3,229.6,833.3333500000001
949,3,3,0,151.0,-17.70873451,-63.16828909,165948.28,Barrio Santa Isabel.,Distrito 5,421.41,1098.9952317880795
951,4,4,0,220.0,-17.73926525,-63.17724466,165948.28,Barrio Santa Isabel.,Distrito 5,203.0,754.3103636363636
953,3,3,0,191.0,-17.757024,-63.163834,165000.0,Barrio Chino,Distrito 2,201.0,863.8743455497382
955,4,5,0,243.0,-17.730743,-63.153708,165000.0,Barrio Santa Isabel.,Distrito 5,206.0,679.0123456790124
956,3,2,0,170.0,-17.73935551,-63.14652971,161034.48,Barrio Santa Isabel.,Distrito 5,345.0,947.2616470588235
957,2,1,0,360.3,-17.72961342,-63.14759005,162000.0,Barrio Santa Isabel.,Distrito 5,360.3,449.62531223980017
958,7,5,0,310.0,-17.831506,-63.211534,160344.83,Barrio 27 de mayo,Distrito 10,300.0,517.2413870967741
960,7,5,1,293.0,-17.767792,-63.159741,160000.0,Barrio Chino,Distrito 2,270.0,546.0750853242321
961,3,1,0,145.0,-17.75003,-63.171687,160000.0,Barrio Santa Isabel.,Distrito 5,158.61,1103.448275862069
962,8,2,0,286.0,-17.784855,-63.161601,160000.0,Barrio Chino,Distrito 2,222.61,559.4405594405595
964,3,2,0,220.0,-17.80591458,-63.1356275,159482.76,Barrio 5 de Noviembre,Distrito 7,360.0,724.9216363636364
965,3,4,0,250.0,-17.808943,-63.155435,159770.11,Barrio Polanco,Distrito Municipal 3,200.0,639.08044
968,4,2,0,150.0,-17.755962,-63.157482,155000.0,Barrio Chino,Distrito 2,300.0,1033.3333333333333
970,3,2,0,256.0,-17.773719,-63.110983,155000.0,Barrio las Pampita,Distrito 6,104.0,605.46875
971,4,3,2,215.0,-17.702454,-63.166752,155000.0,Barrio Santa Isabel.,Distrito 5,238.0,720.9302325581396
972,2,2,0,200.0,-17.690479,-63.170183,155000.0,Barrio Santa Isabel.,Distrito 5,400.0,775.0
973,7,5,0,329.0,-17.805164,-63.134179,155000.0,Barrio 5 de Noviembre,Distrito 7,330.0,471.1246200607903
975,3,3,0,180.0,-17.731298,-63.152447,155000.0,Barrio Santa Isabel.,Distrito 5,210.0,861.1111111111111
976,4,2,0,194.0,-17.74885,-63.191493,155000.0,Barrio el Manchon,Distrito Municipal 1,300.0,798.9690721649484
977,5,4,0,185.0,-17.81483964,-63.22696477,153017.24,Barrio el periodista,Distrito 10,359.0,827.1202162162161
982,5,3,0,306.0,-17.761892,-63.114248,150000.0,Barrio las Pampita,Distrito 6,356.0,490.19607843137254
983,5,3,0,260.0,-17.854842,-63.173318,150000.0,Barrio Palma Real,Distrito 12,278.52,576.9230769230769
985,1,1,2,240.0,-17.734062,-63.175001,148000.0,Barrio Santa Isabel.,Distrito 5,298.0,616.6666666666666
989,3,2,4,265.0,-17.79212,-63.209962,145000.0,Barrio Irma Suarez,Distrito Municipal 1,329.0,547.1698113207547
990,3,2,0,245.1,-17.791128,-63.089611,145000.0,Barrio El Condado,Distrito 7,450.0,591.5952672378621
991,4,5,0,480.0,-17.715086,-63.169327,145000.0,Barrio Santa Isabel.,Distrito 5,249.0,302.0833333333333
992,6,2,0,200.0,-17.792313,-63.110511,145000.0,Barrio El Condado,Distrito 7,468.0,725.0
993,4,3,0,262.0,-17.75475,-63.092833,145000.0,Barrio La Purisima,Distrito 6,300.0,553.4351145038167
996,4,4,0,279.69,-17.802776,-63.153609,140804.6,Barrio Polanco,Distrito Municipal 3,239.72,503.4309413994065
997,3,3,1,200.0,-17.777373,-63.166485,143000.0,Barrio Lindo,Distrito 11,216.0,715.0
998,5,4,0,250.0,-17.736603,-63.151996,140000.0,Barrio Santa Isabel.,Distrito 5,350.0,560.0
999,8,3,0,319.0,-17.8224881,-63.2204176,140804.6,Barrio el periodista,Distrito 10,600.0,441.39373040752355
1000,3,3,0,184.89,-17.755595,-63.186115,140000.0,Barrio el Manchon,Distrito Municipal 1,182.0,757.2069879387744
1001,5,4,0,241.0,-17.727795,-63.172434,139000.0,Barrio Santa Isabel.,Distrito 5,372.0,576.7634854771784
1002,5,2,0,250.0,-17.785591,-63.165372,139000.0,Barrio Lindo,Distrito 11,180.0,556.0
1004,5,3,0,224.0,-17.697733,-63.181045,139000.0,Barrio Santa Isabel.,Distrito 5,152.38,620.5357142857143
1006,4,5,0,259.0,-17.776793,-63.121918,138000.0,Barrio las Pampita,Distrito 6,251.0,532.8185328185328
1011,7,4,0,332.0,-17.787869054632,-63.114641904831,130747.13,Barrio El Condado,Distrito 7,416.97,393.816656626506
1014,5,5,2,218.91,-17.7945706,-63.0870688,130747.13,Barrio El Condado,Distrito 7,280.0,597.2643095335983
1015,5,1,0,174.0,-17.800107,-63.148727,130000.0,Barrio Los Penocos,Distrito Municipal 3,186.0,747.1264367816092
1017,6,6,2,100.0,-17.80201692,-63.10062334,130000.0,Barrio El Condado,Distrito 7,610.0,1300.0
1018,7,3,0,250.0,-17.84757,-63.170124,129000.0,Barrio Militar Nuevo Amanecer,Distrito 12,600.0,516.0
1020,3,3,0,150.0,-17.777806,-63.157075,130000.0,Barrio Chino,Distrito 2,161.0,866.6666666666666
1021,8,3,2,394.5,-17.7983222,-63.14589393,130000.0,Barrio Los Penocos,Distrito Municipal 3,255.0,329.531051964512
1022,3,3,0,190.0,-17.734338,-63.153309,130000.0,Barrio Santa Isabel.,Distrito 5,190.96,684.2105263157895
1023,3,3,0,160.0,-17.70307,-63.18171,129500.0,Barrio Santa Isabel.,Distrito 5,300.0,809.375
1024,4,2,0,150.0,-17.793596,-63.137159,129000.0,Barrio 5 de Noviembre,Distrito 7,280.0,860.0
1026,4,3,0,185.0,-17.80404015,-63.10785092,128735.63,Barrio 5 de Noviembre,Distrito 7,450.0,695.8682702702703
1027,3,2,0,236.0,-17.817452,-63.224795,128000.0,Barrio el periodista,Distrito 10,360.0,542.3728813559322
1028,4,2,0,210.0,-17.86942,-63.192643,128000.0,Barrio las americas,Distrito 9Â ,254.0,609.5238095238095
1030,3,2,0,174.0,-17.8263279,-63.22134067,126436.78,Barrio 27 de mayo,Distrito 10,234.0,726.6481609195403
1033,3,3,2,177.5,-17.721095,-63.152976,125718.39,Barrio Santa Isabel.,Distrito 5,156.87,708.2726197183099
1034,3,3,0,210.0,-17.838167,-63.189063,125718.39,Barrio Saguapac sur,Distrito 9Â ,240.0,598.659
1035,3,2,2,143.0,-17.710573,-63.164147,125718.39,Barrio Santa Isabel.,Distrito 5,210.0,879.1495804195804
1036,4,3,0,171.61,-17.77080763,-63.10936343,125718.39,Barrio las Pampita,Distrito 6,360.0,732.5819590932929
1039,3,3,0,188.0,-17.71498803,-63.1788436,125000.0,Barrio Santa Isabel.,Distrito 5,160.0,664.8936170212766
1040,3,2,0,145.0,-17.706272,-63.129016,125000.0,Barrio Santa Isabel.,Distrito 5,200.0,862.0689655172414
1046,3,2,2,175.0,-17.827865,-63.174799,123706.9,Barrio Transportista,Distrito 9Â ,184.02,706.8965714285714
1049,5,3,0,195.0,-17.84634342,-63.19331525,120689.66,Barrio Guadalupe,Distrito 9Â ,210.0,618.9213333333333
1051,3,2,0,170.0,-17.69003837,-63.15312614,120689.66,Barrio Santa Isabel.,Distrito 5,170.0,709.9391764705882
1053,3,2,0,194.0,-17.710998,-63.172202,120000.0,Barrio Santa Isabel.,Distrito 5,250.0,618.5567010309278
1054,5,2,0,281.2,-17.850329,-63.191986,120000.0,Barrio Guadalupe,Distrito 9Â ,360.0,426.7425320056899
1055,3,2,1,151.0,-17.695129,-63.141329,120000.0,Barrio Santa Isabel.,Distrito 5,220.0,794.7019867549669
1057,4,1,2,150.0,-17.727432,-63.150058,120000.0,Barrio Santa Isabel.,Distrito 5,385.0,800.0
1058,3,3,0,124.25,-17.716457,-63.169524,120000.0,Barrio Santa Isabel.,Distrito 5,300.0,965.7947686116701
1059,3,2,0,150.0,-17.703146,-63.180787,118000.0,Barrio Santa Isabel.,Distrito 5,188.0,786.6666666666666
1060,3,2,0,184.0,-17.843188,-63.185224,117000.0,Barrio Guadalupe,Distrito 9Â ,394.0,635.8695652173913
1062,3,3,0,179.15,-17.850429,-63.184254,116000.0,Barrio Guadalupe,Distrito 9Â ,444.15,647.5020932179738
1063,4,3,0,200.0,-17.843411,-63.183083,115660.92,Barrio Guadalupe,Distrito 9Â ,245.0,578.3045999999999
1064,2,1,3,116.0,-17.8177005,-63.1407842,115165.23,Barrio San Francisco,Distrito 8,300.0,992.8037068965517
1065,3,2,0,155.0,-17.756166,-63.127313,115000.0,Barrio las Pampita,Distrito 6,360.0,741.9354838709677
1066,3,3,0,185.0,-17.700992,-63.174771,115000.0,Barrio Santa Isabel.,Distrito 5,150.0,621.6216216216217
1067,3,3,0,348.0,-17.764872,-63.10401,115000.0,Barrio La Purisima,Distrito 6,360.0,330.4597701149425
1068,3,3,0,185.0,-17.700185,-63.174745,115000.0,Barrio Santa Isabel.,Distrito 5,150.0,621.6216216216217
1070,3,2,3,253.0,-17.8392671,-63.19336912,113000.0,Barrio Saguapac sur,Distrito 9Â ,268.04,446.6403162055336
1071,4,4,2,244.0,-17.756865,-63.089881,108620.69,Barrio San Jorge,Distrito 6,310.0,445.166762295082
1072,3,2,0,253.43,-17.767957,-63.109975,108500.0,Barrio las Pampita,Distrito 6,375.56,428.12610977390204
1073,3,3,2,110.0,-17.701448116242,-63.167272629216,107758.62,Barrio Santa Isabel.,Distrito 5,150.0,979.6238181818181
1076,3,3,2,170.0,-17.723049,-63.183784,107000.0,Barrio Santa Isabel.,Distrito 5,150.0,629.4117647058823
1077,4,4,0,220.0,-17.785753,-63.109463,107758.62,Barrio El Condado,Distrito 7,300.0,489.81190909090907
1079,4,3,0,236.0,-17.75326467,-63.12813344,105603.45,Barrio las Pampita,Distrito 6,150.0,447.47224576271185
1080,5,2,0,368.0,-17.82043,-63.18984,229000.0,BARRIO VICTORIA,Distrito Municipal 4Â ,368.0,622.2826086956521
1081,6,3,0,299.0,-17.800782,-63.142676,250000.0,Barrio Los Penocos,Distrito Municipal 3,360.0,836.1204013377926
1082,3,2,2,150.0,-17.722706,-63.183816,95000.0,Barrio Santa Isabel.,Distrito 5,150.0,633.3333333333334
1084,4,5,0,583.0,-17.7506613,-63.1760149,1005747.13,Barrio el Manchon,Distrito Municipal 1,500.0,1725.1237221269296
1085,4,3,0,243.0,-17.776866,-63.158233,241379.31,Barrio Chino,Distrito 2,241.47,993.3304938271605
1086,6,4,0,300.0,-17.78559089,-63.16544756,245000.0,Barrio Lindo,Distrito 11,410.0,816.6666666666666
1088,7,4,0,147.0,-17.723124,-63.154171,240000.0,Barrio Santa Isabel.,Distrito 5,302.62,1632.6530612244899
1089,4,4,3,160.0,-17.752554,-63.166794,240000.0,Barrio Chino,Distrito 2,311.0,1500.0
1092,4,4,0,381.0,-17.78097725,-63.146442,245000.0,Barrio Guaracachi,Distrito 6,381.54,643.0446194225722
1093,4,5,2,217.0,-17.710088,-63.169659,163000.0,Barrio Santa Isabel.,Distrito 5,158.0,751.1520737327189
1094,3,4,2,390.0,-17.689851,-63.161322,249000.0,Barrio Santa Isabel.,Distrito 5,475.0,638.4615384615385
1095,4,4,0,450.0,-17.784792,-63.219109,380000.0,Barrio Irma Suarez,Distrito Municipal 1,362.81,844.4444444444445
1096,3,2,2,100.0,-17.72771773,-63.17411954,140000.0,Barrio Santa Isabel.,Distrito 5,310.0,1400.0
1097,3,2,0,170.0,-17.798072,-63.1925079,125000.0,Barrio FÃ© y AlegrÃ­a,Distrito 11,316.0,735.2941176470588
1098,3,3,0,176.0,-17.72117722,-63.15631624,98000.0,Barrio Santa Isabel.,Distrito 5,225.0,556.8181818181819
1099,3,2,0,135.0,-17.692325,-63.169595,90517.24,Barrio Santa Isabel.,Distrito 5,178.0,670.4980740740741
1101,4,3,3,220.0,-17.719697,-63.183009,115000.0,Barrio Santa Isabel.,Distrito 5,186.0,522.7272727272727
1102,4,2,2,205.0,-17.725519,-63.182515,135000.0,Barrio Santa Isabel.,Distrito 5,198.65,658.5365853658536
1105,3,3,2,165.0,-17.71921502,-63.14735466,87000.0,Barrio Santa Isabel.,Distrito 5,150.16,527.2727272727273
1108,3,3,0,108.0,-17.702086,-63.145938,75107.76,Barrio Santa Isabel.,Distrito 5,253.0,695.4422222222222
1113,6,7,0,925.0,-17.747777,-63.177361,1290000.0,Barrio el Manchon,Distrito Municipal 1,700.0,1394.5945945945946
1116,3,2,0,550.0,-17.800075,-63.194506,890000.0,BARRIO URBARI,Distrito Municipal 4Â ,572.0,1618.1818181818182
1118,5,4,0,120.0,-17.775538,-63.190098,750000.0,Barrio Panamericano,Distrito 11,951.0,6250.0
1119,5,8,0,632.83,-17.722797,-63.168717,775862.07,Barrio Santa Isabel.,Distrito 5,410.74,1226.0197367381443
1121,4,3,2,471.0,-17.771949,-63.177598,560000.0,Barrio Panamericano,Distrito 11,798.0,1188.95966029724
1122,4,6,4,518.0,-17.7226434,-63.1676779,640000.0,Barrio Santa Isabel.,Distrito 5,612.0,1235.5212355212354
1123,4,4,2,470.63,-17.771605,-63.17762,560000.0,Barrio Panamericano,Distrito 11,797.7,1189.8943968722776
1124,4,4,0,350.0,-17.797416,-63.214999,490000.0,BARRIO URBARI,Distrito Municipal 4Â ,578.56,1400.0
1127,5,5,0,480.0,-17.746925,-63.175687,590000.0,Barrio el Manchon,Distrito Municipal 1,453.53,1229.1666666666667
1128,5,3,2,300.0,-17.765766,-63.204941,450000.0,Barrio el Manchon,Distrito Municipal 1,400.0,1500.0
1129,3,4,0,290.0,-17.73094,-63.171896,416666.67,Barrio Santa Isabel.,Distrito 5,436.45,1436.781620689655
1130,2,1,0,299.53,-17.757253,-63.192691,408000.0,Barrio el Manchon,Distrito Municipal 1,500.0,1362.13400994892
1131,6,2,0,191.0,-17.793213,-63.192293,450000.0,Barrio FÃ© y AlegrÃ­a,Distrito 11,203.0,2356.020942408377
1132,4,7,6,543.0,-17.802483,-63.168846,450000.0,Barrio Polanco,Distrito Municipal 3,507.0,828.7292817679559
1133,3,2,0,244.0,-17.747113,-63.151903,460000.0,Barrio Santa Isabel.,Distrito 5,979.21,1885.2459016393443
1134,3,5,0,400.0,-17.74468108,-63.16127114,431034.48,Barrio Santa Isabel.,Distrito 5,480.0,1077.5862
1135,5,4,3,200.0,-17.782158,-63.195076,420000.0,Barrio Santa Rosa,Distrito Municipal 1,406.0,2100.0
1137,6,2,0,200.0,-17.73670033,-63.1716551,402298.85,Barrio Santa Isabel.,Distrito 5,708.0,2011.49425
1138,5,5,0,313.0,-17.77296,-63.16355,400862.07,Barrio Chino,Distrito 2,489.0,1280.7094888178915
1140,4,2,0,451.0,-17.77978296,-63.17378461,399281.61,Barrio Lindo,Distrito 11,504.0,885.3250776053214
1141,6,3,2,493.0,-17.77069524,-63.19087132,397270.11,BARRIO EQUIPETROL,Distrito Municipal 1,414.2,805.821724137931
1142,4,3,4,406.0,-17.733875,-63.161976,390000.0,Barrio Santa Isabel.,Distrito 5,480.0,960.5911330049261
1144,4,5,0,441.0,-17.774235,-63.190825,375000.0,Barrio Panamericano,Distrito 11,364.0,850.3401360544218
1145,5,5,0,540.0,-17.80066916,-63.17209596,371264.37,Barrio Polanco,Distrito Municipal 3,601.0,687.5266111111112
1146,4,3,0,299.25,-17.745653,-63.164005,370000.0,Barrio Santa Isabel.,Distrito 5,360.0,1236.4243943191311
1147,4,4,0,304.9,-17.788724,-63.215103,366379.31,Barrio Irma Suarez,Distrito Municipal 1,557.16,1201.6376188914398
1148,4,3,0,386.09,-17.792352,-63.195173,365524.43,BARRIO URBARI,Distrito Municipal 4Â ,586.95,946.7337408376286
1149,6,6,0,467.0,-17.77721191,-63.16701069,362068.97,Barrio Lindo,Distrito 11,838.86,775.3082869379015
1151,4,4,2,399.0,-17.784692,-63.166902,344827.59,Barrio Lindo,Distrito 11,222.0,864.2295488721805
1152,3,2,0,245.0,-17.774884,-63.187094,333333.33,Barrio Panamericano,Distrito 11,319.0,1360.5442040816326
1153,3,3,0,200.0,-17.788799,-63.176644,330000.0,Barrio Lindo,Distrito 11,668.0,1650.0
1154,4,6,0,524.84,-17.791996,-63.168705,327075.0,Barrio Lindo,Distrito 11,384.0,623.1899245484337
1155,3,6,0,327.0,-17.82072048,-63.17394912,326580.46,Barrio Guaracal,Distrito Municipal 4Â ,594.75,998.7170030581041
1156,5,5,0,376.0,-17.797405,-63.205222,323275.86,BARRIO URBARI,Distrito Municipal 4Â ,366.8,859.7762234042552
1160,3,4,0,200.0,-17.816606,-63.181219,316810.34,BARRIO VICTORIA,Distrito Municipal 4Â ,478.71,1584.0517000000002
1162,2,4,3,306.0,-17.76043969,-63.15187234,316091.95,Barrio Chino,Distrito 2,306.0,1032.98022875817
1165,6,6,0,210.0,-17.76409,-63.167492,309000.0,Barrio Chino,Distrito 2,229.33,1471.4285714285713
1167,6,6,0,405.0,-17.724151,-63.166446,306752.87,Barrio Santa Isabel.,Distrito 5,390.0,757.4144938271605
1168,4,3,0,392.0,-17.731004,-63.172586,305000.0,Barrio Santa Isabel.,Distrito 5,311.0,778.0612244897959
1169,3,4,0,312.08,-17.742086,-63.160915,303448.28,Barrio Santa Isabel.,Distrito 5,336.38,972.3413227377597
1171,3,4,2,280.0,-17.81975,-63.188038,300287.36,BARRIO VICTORIA,Distrito Municipal 4Â ,240.0,1072.454857142857
1172,7,2,0,240.0,-17.732347,-63.142076,300000.0,Barrio Santa Isabel.,Distrito 5,495.0,1250.0
1175,6,6,3,578.0,-17.814579,-63.15317,295000.0,Barrio SoberanÃ­a Nacional,Distrito Municipal 3,418.0,510.38062283737025
1176,6,5,0,300.0,-17.730149,-63.169127,280000.0,Barrio Santa Isabel.,Distrito 5,264.0,933.3333333333334
1177,4,3,4,159.0,-17.79474425,-63.16278216,287356.32,Barrio Los Penocos,Distrito Municipal 3,360.0,1807.2724528301887
1179,8,6,0,454.75,-17.786939,-63.179131,290000.0,Barrio Lindo,Distrito 11,411.06,637.7130291368884
1180,4,4,0,266.0,-17.797384,-63.20567,290000.0,BARRIO URBARI,Distrito Municipal 4Â ,360.0,1090.2255639097743
1181,5,6,0,397.0,-17.76825,-63.155232,295000.0,Barrio Chino,Distrito 2,330.0,743.0730478589421
1182,4,3,0,218.0,-17.822168,-63.182013,280000.0,BARRIO VICTORIA,Distrito Municipal 4Â ,445.0,1284.4036697247707
1183,6,4,0,337.0,-17.772847168595,-63.157569277094,281609.2,Barrio Chino,Distrito 2,346.0,835.6356083086054
1184,5,4,0,200.0,-17.7794756,-63.1673298,280000.0,Barrio Lindo,Distrito 11,394.54,1400.0
1185,5,4,0,477.66,-17.731685,-63.17191,280000.0,Barrio Santa Isabel.,Distrito 5,465.96,586.191014529163
1186,4,3,1,141.0,-17.76182674,-63.18763027,278017.24,BARRIO EQUIPETROL,Distrito Municipal 1,266.0,1971.7534751773048
1189,5,3,2,471.34,-17.776775,-63.176151,266522.99,Barrio Lindo,Distrito 11,286.0,565.4580345398226
1190,7,5,0,346.0,-17.83512,-63.189053,265000.0,Barrio Saguapac sur,Distrito 9Â ,543.97,765.8959537572255
1191,4,4,0,323.0,-17.713042,-63.164971,265000.0,Barrio Santa Isabel.,Distrito 5,456.0,820.4334365325077
1194,3,3,2,290.0,-17.771974,-63.151902,260000.0,Barrio Chino,Distrito 2,366.75,896.551724137931
1195,5,3,0,437.0,-17.733925,-63.147089,260000.0,Barrio Santa Isabel.,Distrito 5,840.0,594.9656750572083
1196,6,4,2,404.15,-17.746929,-63.155916,239000.0,Barrio Santa Isabel.,Distrito 5,432.0,591.3645923543239
1197,4,6,0,272.0,-17.754082,-63.183757,230000.0,Barrio el Manchon,Distrito Municipal 1,228.81,845.5882352941177
1198,4,4,2,300.0,-17.730853,-63.154682,258620.69,Barrio Santa Isabel.,Distrito 5,475.0,862.0689666666667
1199,6,5,4,324.53,-17.813435,-63.207558,230000.0,Barrio Flamingo,Distrito 10,541.14,708.7172218284904
1201,4,4,5,300.0,-17.79880999,-63.18481926,235000.0,Barrio FÃ© y AlegrÃ­a,Distrito 11,308.7,783.3333333333334
1202,3,4,3,245.0,-17.82652,-63.17934,230000.0,Barrio Transportista,Distrito 9Â ,531.0,938.7755102040817
1203,6,5,0,249.0,-17.729322,-63.157434,230000.0,Barrio Santa Isabel.,Distrito 5,420.0,923.6947791164658
1204,8,4,2,290.0,-17.750322,-63.193792,230000.0,Barrio el Manchon,Distrito Municipal 1,295.98,793.1034482758621
1205,3,3,0,430.0,-17.753903,-63.188662,230000.0,Barrio el Manchon,Distrito Municipal 1,427.75,534.8837209302326
1206,8,4,0,360.0,-17.750526,-63.194131,255000.0,Barrio el Manchon,Distrito Municipal 1,295.98,708.3333333333334
1209,3,3,0,430.0,-17.79691,-63.175528,251436.78,Barrio Lindo,Distrito 11,577.86,584.7366976744186
1210,5,5,0,280.0,-17.738747,-63.182545,253232.76,Barrio Santa Isabel.,Distrito 5,312.0,904.4027142857143
1211,3,3,2,220.0,-17.739122,-63.17894,255000.0,Barrio Santa Isabel.,Distrito 5,240.0,1159.090909090909
