,characteristics_bedrooms,characteristics_bathrooms,characteristics_garages,characteristics_area,location_lat,location_lng,price,neighborhood_name,district_name,extras_Terreno,price_per_m2,built_area_ratio,district_avg_price,neighborhood_avg_price
8,5,5,3,387.0,-17.802959,-63.183067,280000.0,Barrio Aeronautico,Distrito Municipal 4Â ,280.0,723.5142118863049,1.3821428571428571,302332.25692307693,267500.0
9,5,4,2,266.0,-17.703842,-63.168728,160000.0,Barrio Santa Isabel.,Distrito 5,266.0,601.5037593984962,1.0,254362.07609756096,254362.07609756096
14,4,5,4,300.0,-17.715044,-63.159649,375000.0,Barrio Santa Isabel.,Distrito 5,464.0,1250.0,0.646551724137931,254362.07609756096,254362.07609756096
15,5,5,3,364.0,-17.754295,-63.18066,290000.0,Barrio el Manchon,Distrito Municipal 1,347.0,796.7032967032967,1.0489913544668588,326457.26420000003,348191.09192307695
31,4,4,2,385.0,-17.769739,-63.158424,275000.0,Barrio Chino,Distrito 2,320.0,714.2857142857143,1.203125,262300.65133333334,262300.65133333334
34,3,5,4,450.0,-17.712879,-63.16214,450000.0,Barrio Santa Isabel.,Distrito 5,427.0,1000.0,1.053864168618267,254362.07609756096,254362.07609756096
42,4,5,4,384.0,-17.740711,-63.163136,500000.0,Barrio Santa Isabel.,Distrito 5,480.0,1302.0833333333333,0.8,254362.07609756096,254362.07609756096
46,7,7,2,600.0,-17.759588,-63.169617,465000.0,Barrio Chino,Distrito 2,756.0,775.0,0.7936507936507936,262300.65133333334,262300.65133333334
47,7,4,5,580.0,-17.808952,-63.153252,418998.0,Barrio Polanco,Distrito Municipal 3,544.0,722.4103448275862,1.0661764705882353,242325.77823529413,273653.823
49,5,4,2,353.0,-17.755962,-63.165638,299000.0,Barrio Chino,Distrito 2,267.0,847.0254957507082,1.3220973782771535,262300.65133333334,262300.65133333334
50,5,4,2,385.0,-17.792887,-63.197533,260000.0,BARRIO URBARI,Distrito Municipal 4Â ,243.0,675.3246753246754,1.5843621399176955,302332.25692307693,320495.3111764706
56,4,4,3,300.0,-17.774776,-63.158028,285000.0,Barrio Chino,Distrito 2,384.0,950.0,0.78125,262300.65133333334,262300.65133333334
61,4,5,3,500.0,-17.68981,-63.161343,280000.0,Barrio Santa Isabel.,Distrito 5,320.0,560.0,1.5625,254362.07609756096,254362.07609756096
64,4,6,4,410.0,-17.702757,-63.153378,335000.0,Barrio Santa Isabel.,Distrito 5,450.0,817.0731707317074,0.9111111111111111,254362.07609756096,254362.07609756096
65,4,5,2,363.0,-17.766132,-63.201496,495000.0,BARRIO EQUIPETROL,Distrito Municipal 1,280.0,1363.6363636363637,1.2964285714285715,326457.26420000003,335141.1233333333
67,4,3,2,480.0,-17.712418,-63.167095,295000.0,Barrio Santa Isabel.,Distrito 5,408.0,614.5833333333334,1.1764705882352942,254362.07609756096,254362.07609756096
69,4,3,2,307.0,-17.817822,-63.184364,255000.0,BARRIO VICTORIA,Distrito Municipal 4Â ,301.0,830.6188925081433,1.0199335548172757,302332.25692307693,258439.65500000003
70,3,3,2,228.0,-17.739101,-63.178337,285000.0,Barrio Santa Isabel.,Distrito 5,224.0,1250.0,1.0178571428571428,254362.07609756096,254362.07609756096
71,3,4,2,207.0,-17.740124,-63.187992,160000.0,Barrio Santa Isabel.,Distrito 5,232.0,772.9468599033817,0.8922413793103449,254362.07609756096,254362.07609756096
72,4,7,2,524.0,-17.792269,-63.168575,327075.0,Barrio Lindo,Distrito 11,384.0,624.1889312977099,1.3645833333333333,301114.7905882353,289717.63363636367
80,6,6,2,432.0,-17.747164,-63.156128,239000.0,Barrio Santa Isabel.,Distrito 5,453.0,553.2407407407408,0.9536423841059603,254362.07609756096,254362.07609756096
83,4,4,3,337.0,-17.702665,-63.153355,285000.0,Barrio Santa Isabel.,Distrito 5,770.0,845.6973293768546,0.43766233766233764,254362.07609756096,254362.07609756096
85,4,4,2,420.0,-17.797323,-63.212589,270000.0,BARRIO URBARI,Distrito Municipal 4Â ,240.0,642.8571428571429,1.75,302332.25692307693,320495.3111764706
89,4,2,4,280.0,-17.842651,-63.178833,180000.0,Barrio Transportista,Distrito 9Â ,582.0,642.8571428571429,0.48109965635738833,181665.38944444444,185000.0
92,4,5,1,386.0,-17.769693,-63.109882,213000.0,Barrio las Pampita,Distrito 6,450.0,551.8134715025907,0.8577777777777778,116304.09782608696,126611.11111111111
103,3,5,2,348.0,-17.786076,-63.21619,250000.0,Barrio Irma Suarez,Distrito Municipal 1,210.0,718.3908045977012,1.6571428571428573,326457.26420000003,322922.41375
105,4,4,2,230.0,-17.698566,-63.158756,135000.0,Barrio Santa Isabel.,Distrito 5,301.0,586.9565217391304,0.7641196013289037,254362.07609756096,254362.07609756096
109,3,5,2,298.0,-17.820229,-63.222076,225000.0,Barrio el periodista,Distrito 10,301.0,755.0335570469799,0.9900332225913622,206384.339375,213400.65714285715
110,4,3,4,236.0,-17.70248,-63.165207,175000.0,Barrio Santa Isabel.,Distrito 5,229.0,741.5254237288135,1.0305676855895196,254362.07609756096,254362.07609756096
111,4,7,5,500.0,-17.738491,-63.165871,500000.0,Barrio Santa Isabel.,Distrito 5,445.0,1000.0,1.1235955056179776,254362.07609756096,254362.07609756096
113,4,4,4,387.0,-17.777121,-63.148037,235000.0,Barrio Chino,Distrito 2,408.0,607.235142118863,0.9485294117647058,262300.65133333334,262300.65133333334
115,4,3,4,247.0,-17.702164,-63.17841,145000.0,Barrio Santa Isabel.,Distrito 5,303.0,587.0445344129555,0.8151815181518152,254362.07609756096,254362.07609756096
117,4,3,2,290.0,-17.703453,-63.170101,245000.0,Barrio Santa Isabel.,Distrito 5,290.0,844.8275862068965,1.0,254362.07609756096,254362.07609756096
118,8,3,5,232.0,-17.8125,-63.143879,105000.0,Barrio San Francisco,Distrito 8,425.0,452.58620689655174,0.5458823529411765,111655.89125,121443.965
121,4,6,2,397.0,-17.769041,-63.154781,295000.0,Barrio Chino,Distrito 2,330.0,743.0730478589421,1.2030303030303031,262300.65133333334,262300.65133333334
123,4,6,4,409.0,-17.757698,-63.198536,580000.0,Barrio el Manchon,Distrito Municipal 1,562.0,1418.0929095354522,0.7277580071174378,326457.26420000003,348191.09192307695
126,5,6,2,368.0,-17.807301,-63.210766,620000.0,BARRIO URBARI,Distrito Municipal 4Â ,669.0,1684.7826086956522,0.5500747384155455,302332.25692307693,320495.3111764706
129,4,5,2,313.0,-17.745337,-63.175457,580000.0,Barrio el Manchon,Distrito Municipal 1,550.0,1853.035143769968,0.5690909090909091,326457.26420000003,348191.09192307695
133,5,7,2,480.0,-17.748144,-63.175568,590000.0,Barrio el Manchon,Distrito Municipal 1,453.0,1229.1666666666667,1.0596026490066226,326457.26420000003,348191.09192307695
140,3,4,2,367.0,-17.721985,-63.16143,239000.0,Barrio Santa Isabel.,Distrito 5,289.0,651.2261580381471,1.2698961937716262,254362.07609756096,254362.07609756096
145,3,5,1,372.0,-17.715965,-63.167782,290000.0,Barrio Santa Isabel.,Distrito 5,369.0,779.5698924731183,1.008130081300813,254362.07609756096,254362.07609756096
147,3,4,3,457.0,-17.844065,-63.191402,278000.0,Barrio Saguapac sur,Distrito 9Â ,205.0,608.3150984682713,2.229268292682927,181665.38944444444,193214.79875000002
149,6,5,2,464.0,-17.796209,-63.206238,271120.0,BARRIO URBARI,Distrito Municipal 4Â ,599.0,584.3103448275862,0.7746243739565943,302332.25692307693,320495.3111764706
150,3,4,2,383.0,-17.792549,-63.195148,365000.0,BARRIO URBARI,Distrito Municipal 4Â ,586.0,953.0026109660574,0.6535836177474402,302332.25692307693,320495.3111764706
153,5,3,4,225.0,-17.71949,-63.159973,165000.0,Barrio Santa Isabel.,Distrito 5,548.0,733.3333333333334,0.41058394160583944,254362.07609756096,254362.07609756096
157,3,4,2,207.0,-17.740124,-63.188122,160000.0,Barrio Santa Isabel.,Distrito 5,232.0,772.9468599033817,0.8922413793103449,254362.07609756096,254362.07609756096
162,3,4,2,210.0,-17.709669,-63.167912,135000.0,Barrio Santa Isabel.,Distrito 5,233.0,642.8571428571429,0.9012875536480687,254362.07609756096,254362.07609756096
163,6,7,1,410.0,-17.764162,-63.167488,309000.0,Barrio Chino,Distrito 2,229.0,753.6585365853658,1.7903930131004366,262300.65133333334,262300.65133333334
164,4,3,2,250.0,-17.703093,-63.180805,164998.0,Barrio Santa Isabel.,Distrito 5,270.0,659.992,0.9259259259259259,254362.07609756096,254362.07609756096
165,3,3,2,288.0,-17.735008,-63.165146,280000.0,Barrio Santa Isabel.,Distrito 5,377.0,972.2222222222222,0.7639257294429708,254362.07609756096,254362.07609756096
166,5,5,4,571.0,-17.731726,-63.173225,430000.0,Barrio Santa Isabel.,Distrito 5,525.0,753.0647985989492,1.0876190476190477,254362.07609756096,254362.07609756096
168,4,4,2,363.0,-17.766531,-63.201412,495000.0,BARRIO EQUIPETROL,Distrito Municipal 1,294.0,1363.6363636363637,1.2346938775510203,326457.26420000003,335141.1233333333
171,5,4,4,298.0,-17.75355,-63.187775,200000.0,Barrio el Manchon,Distrito Municipal 1,413.0,671.1409395973154,0.7215496368038741,326457.26420000003,348191.09192307695
172,5,4,2,245.0,-17.714069,-63.186535,185000.0,Barrio Santa Isabel.,Distrito 5,360.0,755.1020408163265,0.6805555555555556,254362.07609756096,254362.07609756096
173,4,3,1,280.0,-17.772804,-63.187225,249000.0,Barrio Panamericano,Distrito 11,222.0,889.2857142857143,1.2612612612612613,301114.7905882353,382888.88833333337
175,5,5,2,400.0,-17.712418,-63.167007,170000.0,Barrio Santa Isabel.,Distrito 5,315.0,425.0,1.2698412698412698,254362.07609756096,254362.07609756096
182,5,6,2,633.0,-17.742903,-63.166191,460000.0,Barrio Santa Isabel.,Distrito 5,300.0,726.698262243286,2.11,254362.07609756096,254362.07609756096
185,5,4,2,420.0,-17.778105,-63.209949,345300.0,Barrio Santa Rosa,Distrito Municipal 1,360.0,822.1428571428571,1.1666666666666667,326457.26420000003,238606.4857142857
188,3,3,2,285.0,-17.72086,-63.157726,305000.0,Barrio Santa Isabel.,Distrito 5,230.0,1070.1754385964912,1.2391304347826086,254362.07609756096,254362.07609756096
190,4,2,2,217.0,-17.846247,-63.159775,100000.0,Barrio Casa Nova II,Distrito 12,360.0,460.8294930875576,0.6027777777777777,122547.48625,95797.41500000001
192,4,2,4,285.0,-17.727278,-63.175476,150000.0,Barrio Santa Isabel.,Distrito 5,400.0,526.3157894736842,0.7125,254362.07609756096,254362.07609756096
203,4,4,2,340.0,-17.743801,-63.169903,165000.0,Barrio Santa Isabel.,Distrito 5,245.0,485.29411764705884,1.3877551020408163,254362.07609756096,254362.07609756096
204,5,5,5,353.0,-17.763292,-63.20298,350000.0,Barrio el Manchon,Distrito Municipal 1,350.0,991.5014164305949,1.0085714285714287,326457.26420000003,348191.09192307695
206,4,7,4,470.0,-17.731152,-63.171944,380000.0,Barrio Santa Isabel.,Distrito 5,380.0,808.5106382978723,1.236842105263158,254362.07609756096,254362.07609756096
210,3,4,3,452.0,-17.79253,-63.16906,198000.0,Barrio Lindo,Distrito 11,400.0,438.05309734513276,1.13,301114.7905882353,289717.63363636367
213,4,5,4,300.0,-17.71513,-63.159481,375000.0,Barrio Santa Isabel.,Distrito 5,464.0,1250.0,0.646551724137931,254362.07609756096,254362.07609756096
222,6,3,2,290.0,-17.786379,-63.202091,280000.0,Barrio Santa Rosa,Distrito Municipal 1,330.0,965.5172413793103,0.8787878787878788,326457.26420000003,238606.4857142857
223,3,3,3,421.0,-17.708723,-63.168297,170000.0,Barrio Santa Isabel.,Distrito 5,421.0,403.80047505938245,1.0,254362.07609756096,254362.07609756096
224,4,2,0,202.0,-17.784061,-63.172977,249000.0,Barrio Lindo,Distrito 11,307.0,1232.6732673267327,0.6579804560260586,301114.7905882353,289717.63363636367
226,3,4,2,234.0,-17.722637,-63.167675,320000.0,Barrio Santa Isabel.,Distrito 5,325.0,1367.5213675213674,0.72,254362.07609756096,254362.07609756096
227,3,4,2,282.0,-17.799746,-63.197662,350000.0,BARRIO URBARI,Distrito Municipal 4Â ,288.0,1241.1347517730496,0.9791666666666666,302332.25692307693,320495.3111764706
233,4,4,2,260.0,-17.77277,-63.201511,360000.0,BARRIO EQUIPETROL,Distrito Municipal 1,208.0,1384.6153846153845,1.25,326457.26420000003,335141.1233333333
235,3,3,2,304.38,-17.722162,-63.152637,110000.0,Barrio Santa Isabel.,Distrito 5,240.0,361.39036730402785,1.2682499999999999,254362.07609756096,254362.07609756096
237,5,5,4,624.0,-17.817238,-63.215042,470000.0,Barrio California,Distrito 10,622.0,753.2051282051282,1.0032154340836013,206384.339375,317500.0
242,3,3,2,208.0,-17.770006,-63.102448,100000.0,Barrio las Pampita,Distrito 6,489.0,480.7692307692308,0.42535787321063395,116304.09782608696,126611.11111111111
244,8,5,2,476.0,-17.785675,-63.173374,528000.0,Barrio Lindo,Distrito 11,392.0,1109.2436974789916,1.2142857142857142,301114.7905882353,289717.63363636367
245,4,4,3,270.0,-17.798571,-63.220657,244000.0,Barrio Irma Suarez,Distrito Municipal 1,315.0,903.7037037037037,0.8571428571428571,326457.26420000003,322922.41375
247,4,6,3,337.0,-17.716354,-63.149437,265000.0,Barrio Santa Isabel.,Distrito 5,248.0,786.3501483679526,1.3588709677419355,254362.07609756096,254362.07609756096
253,5,3,0,268.0,-17.784372,-63.175274,198000.0,Barrio Lindo,Distrito 11,220.0,738.8059701492538,1.2181818181818183,301114.7905882353,289717.63363636367
254,4,6,2,473.0,-17.748318,-63.175312,585000.0,Barrio el Manchon,Distrito Municipal 1,486.0,1236.7864693446088,0.9732510288065843,326457.26420000003,348191.09192307695
255,3,3,2,210.0,-17.689646,-63.147957,135000.0,Barrio Santa Isabel.,Distrito 5,206.0,642.8571428571429,1.0194174757281553,254362.07609756096,254362.07609756096
257,3,3,2,205.0,-17.707022,-63.163662,138000.0,Barrio Santa Isabel.,Distrito 5,360.0,673.170731707317,0.5694444444444444,254362.07609756096,254362.07609756096
258,4,4,2,204.0,-17.7138,-63.172226,240000.0,Barrio Santa Isabel.,Distrito 5,204.0,1176.4705882352941,1.0,254362.07609756096,254362.07609756096
260,5,5,2,398.0,-17.710201,-63.16922,170000.0,Barrio Santa Isabel.,Distrito 5,315.0,427.1356783919598,1.2634920634920634,254362.07609756096,254362.07609756096
264,4,5,3,410.0,-17.703669,-63.152931,355000.0,Barrio Santa Isabel.,Distrito 5,450.0,865.8536585365854,0.9111111111111111,254362.07609756096,254362.07609756096
265,3,4,2,300.0,-17.716089,-63.168228,239500.0,Barrio Santa Isabel.,Distrito 5,300.0,798.3333333333334,1.0,254362.07609756096,254362.07609756096
266,4,4,2,288.0,-17.735065,-63.165272,280000.0,Barrio Santa Isabel.,Distrito 5,377.0,972.2222222222222,0.7639257294429708,254362.07609756096,254362.07609756096
278,6,6,2,467.0,-17.776964,-63.167072,360000.0,Barrio Lindo,Distrito 11,838.0,770.8779443254818,0.5572792362768496,301114.7905882353,289717.63363636367
283,4,4,2,323.0,-17.714401,-63.165092,265000.0,Barrio Santa Isabel.,Distrito 5,456.0,820.4334365325077,0.7083333333333334,254362.07609756096,254362.07609756096
288,3,3,3,303.0,-17.740461,-63.16304,390000.0,Barrio Santa Isabel.,Distrito 5,359.0,1287.1287128712872,0.8440111420612814,254362.07609756096,254362.07609756096
289,3,3,2,222.0,-17.722771,-63.167503,325000.0,Barrio Santa Isabel.,Distrito 5,205.0,1463.963963963964,1.0829268292682928,254362.07609756096,254362.07609756096
294,5,6,3,400.0,-17.817247,-63.210716,255000.0,Barrio Flamingo,Distrito 10,556.0,637.5,0.7194244604316546,206384.339375,196250.0
295,3,3,2,255.0,-17.768335,-63.204365,240000.0,BARRIO EQUIPETROL,Distrito Municipal 1,255.0,941.1764705882352,1.0,326457.26420000003,335141.1233333333
299,4,6,3,457.0,-17.761988,-63.177395,360000.0,Barrio Chino,Distrito 2,762.0,787.746170678337,0.5997375328083989,262300.65133333334,262300.65133333334
309,4,6,3,479.0,-17.803791,-63.169197,498000.0,Barrio Polanco,Distrito Municipal 3,537.0,1039.6659707724425,0.8919925512104283,242325.77823529413,273653.823
319,8,3,2,325.0,-17.737192,-63.161045,350000.0,Barrio Santa Isabel.,Distrito 5,250.0,1076.923076923077,1.3,254362.07609756096,254362.07609756096
320,3,4,1,208.0,-17.72102,-63.181274,125000.0,Barrio Santa Isabel.,Distrito 5,208.0,600.9615384615385,1.0,254362.07609756096,254362.07609756096
321,4,4,3,265.0,-17.700665,-63.163105,279600.0,Barrio Santa Isabel.,Distrito 5,225.0,1055.0943396226414,1.1777777777777778,254362.07609756096,254362.07609756096
324,4,5,2,409.0,-17.762482,-63.19981,550000.0,Barrio el Manchon,Distrito Municipal 1,562.0,1344.7432762836186,0.7277580071174378,326457.26420000003,348191.09192307695
326,1,2,0,531.0,-17.746132,-63.188206,280000.0,Barrio el Manchon,Distrito Municipal 1,363.0,527.3069679849341,1.462809917355372,326457.26420000003,348191.09192307695
328,3,5,2,273.0,-17.804737,-63.156387,180000.0,Barrio Polanco,Distrito Municipal 3,273.0,659.3406593406594,1.0,242325.77823529413,273653.823
329,3,2,2,202.0,-17.769354,-63.152794,150000.0,Barrio Chino,Distrito 2,202.0,742.5742574257425,1.0,262300.65133333334,262300.65133333334
331,3,3,2,220.0,-17.707268,-63.188038,180000.0,Barrio Santa Isabel.,Distrito 5,220.0,818.1818181818181,1.0,254362.07609756096,254362.07609756096
337,3,3,2,234.0,-17.703529,-63.184319,179000.0,Barrio Santa Isabel.,Distrito 5,360.0,764.957264957265,0.65,254362.07609756096,254362.07609756096
348,6,5,2,303.0,-17.725704,-63.152985,185000.0,Barrio Santa Isabel.,Distrito 5,422.0,610.5610561056105,0.7180094786729858,254362.07609756096,254362.07609756096
351,4,4,2,357.0,-17.731428,-63.081486,78000.0,Barrio San Jorge,Distrito 6,438.0,218.48739495798318,0.815068493150685,116304.09782608696,79155.1725
354,3,2,1,251.0,-17.781723,-63.163685,190000.0,Barrio Chino,Distrito 2,251.0,756.9721115537849,1.0,262300.65133333334,262300.65133333334
357,4,5,3,220.0,-17.697117,-63.180988,135000.0,Barrio Santa Isabel.,Distrito 5,220.0,613.6363636363636,1.0,254362.07609756096,254362.07609756096
360,4,2,0,451.0,-17.77976,-63.173794,400000.0,Barrio Lindo,Distrito 11,504.0,886.9179600886918,0.8948412698412699,301114.7905882353,289717.63363636367
364,3,4,2,248.0,-17.757332,-63.175961,198500.0,Barrio Chino,Distrito 2,248.0,800.4032258064516,1.0,262300.65133333334,262300.65133333334
367,5,4,2,220.0,-17.838638,-63.178757,190000.0,Barrio Transportista,Distrito 9Â ,290.0,863.6363636363636,0.7586206896551724,181665.38944444444,185000.0
369,5,2,2,375.0,-17.794716,-63.185081,270000.0,Barrio Fé y Alegrí­a,Distrito 11,337.0,720.0,1.1127596439169138,301114.7905882353,261130.2683333333
371,4,3,2,205.0,-17.786362,-63.20911,172000.0,Barrio Santa Rosa,Distrito Municipal 1,205.0,839.0243902439024,1.0,326457.26420000003,238606.4857142857
376,4,4,2,226.0,-17.794195,-63.199871,240000.0,BARRIO URBARI,Distrito Municipal 4Â ,375.0,1061.9469026548672,0.6026666666666667,302332.25692307693,320495.3111764706
377,5,3,2,229.0,-17.838684,-63.174095,140000.0,Barrio Transportista,Distrito 9Â ,375.0,611.353711790393,0.6106666666666667,181665.38944444444,185000.0
381,3,4,3,292.0,-17.73493,-63.165283,285000.0,Barrio Santa Isabel.,Distrito 5,292.0,976.027397260274,1.0,254362.07609756096,254362.07609756096
382,3,2,0,217.0,-17.778902,-63.196796,165000.0,BARRIO EQUIPETROL,Distrito Municipal 1,217.0,760.36866359447,1.0,326457.26420000003,335141.1233333333
383,4,3,4,350.0,-17.801174,-63.225903,570000.0,Barrio Irma Suarez,Distrito Municipal 1,650.0,1628.5714285714287,0.5384615384615384,326457.26420000003,322922.41375
384,4,5,2,205.0,-17.791201,-63.09045,117000.0,Barrio El Condado,Distrito 7,225.0,570.7317073170732,0.9111111111111111,132567.88874999998,123519.541
386,7,2,1,431.0,-17.754492,-63.17173,200000.0,Barrio Chino,Distrito 2,258.0,464.0371229698376,1.6705426356589148,262300.65133333334,262300.65133333334
387,3,3,2,220.0,-17.708246,-63.190269,180000.0,Barrio Santa Isabel.,Distrito 5,220.0,818.1818181818181,1.0,254362.07609756096,254362.07609756096
389,3,4,4,300.0,-17.751055,-63.163387,255000.0,Barrio Santa Isabel.,Distrito 5,300.0,850.0,1.0,254362.07609756096,254362.07609756096
392,4,4,3,208.0,-17.711599,-63.167698,144000.0,Barrio Santa Isabel.,Distrito 5,208.0,692.3076923076923,1.0,254362.07609756096,254362.07609756096
395,4,5,3,240.0,-17.765076,-63.186111,229000.0,BARRIO EQUIPETROL,Distrito Municipal 1,240.0,954.1666666666666,1.0,326457.26420000003,335141.1233333333
398,3,3,2,269.0,-17.755798,-63.169109,285900.0,Barrio Chino,Distrito 2,269.0,1062.825278810409,1.0,262300.65133333334,262300.65133333334
399,3,5,4,355.0,-17.714525,-63.159184,420000.0,Barrio Santa Isabel.,Distrito 5,355.0,1183.0985915492959,1.0,254362.07609756096,254362.07609756096
400,5,7,3,617.0,-17.71806,-63.163563,485000.0,Barrio Santa Isabel.,Distrito 5,617.0,786.061588330632,1.0,254362.07609756096,254362.07609756096
401,4,4,3,464.0,-17.695002,-63.162632,475000.0,Barrio Santa Isabel.,Distrito 5,498.0,1023.7068965517242,0.9317269076305221,254362.07609756096,254362.07609756096
402,4,3,3,350.0,-17.754765,-63.193695,310000.0,Barrio el Manchon,Distrito Municipal 1,350.0,885.7142857142857,1.0,326457.26420000003,348191.09192307695
406,4,4,2,264.0,-17.702583,-63.189747,208000.0,Barrio Santa Isabel.,Distrito 5,264.0,787.8787878787879,1.0,254362.07609756096,254362.07609756096
408,3,3,2,333.0,-17.784254,-63.173954,220000.0,Barrio Lindo,Distrito 11,382.0,660.6606606606607,0.8717277486910995,301114.7905882353,289717.63363636367
414,3,3,3,295.0,-17.735916,-63.165295,285000.0,Barrio Santa Isabel.,Distrito 5,295.0,966.1016949152543,1.0,254362.07609756096,254362.07609756096
428,4,5,2,300.0,-17.778751,-63.159996,215000.0,Barrio Chino,Distrito 2,330.0,716.6666666666666,0.9090909090909091,262300.65133333334,262300.65133333334
429,2,1,3,299.0,-17.757328,-63.192688,408000.0,Barrio el Manchon,Distrito Municipal 1,299.0,1364.5484949832776,1.0,326457.26420000003,348191.09192307695
441,4,3,4,300.0,-17.744514,-63.160988,180000.0,Barrio Santa Isabel.,Distrito 5,300.0,600.0,1.0,254362.07609756096,254362.07609756096
451,4,4,2,215.0,-17.779903,-63.213646,230000.0,Barrio Irma Suarez,Distrito Municipal 1,243.0,1069.7674418604652,0.8847736625514403,326457.26420000003,322922.41375
457,6,6,6,528.0,-17.743067,-63.156731,490000.0,Barrio Santa Isabel.,Distrito 5,528.0,928.030303030303,1.0,254362.07609756096,254362.07609756096
459,3,3,2,220.0,-17.747295,-63.182156,265000.0,Barrio el Manchon,Distrito Municipal 1,205.0,1204.5454545454545,1.0731707317073171,326457.26420000003,348191.09192307695
461,3,4,3,275.0,-17.741043,-63.16864,209000.0,Barrio Santa Isabel.,Distrito 5,275.0,760.0,1.0,254362.07609756096,254362.07609756096
463,5,3,0,200.0,-17.74748,-63.192799,180000.0,Barrio el Manchon,Distrito Municipal 1,310.0,900.0,0.6451612903225806,326457.26420000003,348191.09192307695
464,3,4,2,245.0,-17.818178,-63.220963,375000.0,Barrio el periodista,Distrito 10,860.0,1530.6122448979593,0.28488372093023256,206384.339375,213400.65714285715
465,3,2,2,220.0,-17.723932,-63.170242,225000.0,Barrio Santa Isabel.,Distrito 5,220.0,1022.7272727272727,1.0,254362.07609756096,254362.07609756096
466,3,2,2,212.0,-17.684656,-63.163448,99900.0,Barrio Santa Isabel.,Distrito 5,212.0,471.22641509433964,1.0,254362.07609756096,254362.07609756096
470,4,3,2,316.0,-17.772036,-63.159882,179000.0,Barrio Chino,Distrito 2,221.0,566.4556962025316,1.4298642533936652,262300.65133333334,262300.65133333334
471,4,2,2,257.0,-17.773285,-63.168423,190000.0,Barrio Lindo,Distrito 11,507.0,739.2996108949417,0.5069033530571992,301114.7905882353,289717.63363636367
478,5,7,2,353.0,-17.754511,-63.163982,315000.0,Barrio Chino,Distrito 2,353.0,892.3512747875354,1.0,262300.65133333334,262300.65133333334
480,3,4,2,251.0,-17.753075,-63.186893,160000.0,Barrio el Manchon,Distrito Municipal 1,251.0,637.4501992031873,1.0,326457.26420000003,348191.09192307695
483,3,3,2,224.0,-17.701748,-63.189625,205000.0,Barrio Santa Isabel.,Distrito 5,356.0,915.1785714285714,0.6292134831460674,254362.07609756096,254362.07609756096
486,4,3,4,400.0,-17.740257,-63.153835,265000.0,Barrio Santa Isabel.,Distrito 5,400.0,662.5,1.0,254362.07609756096,254362.07609756096
487,5,5,2,239.0,-17.75423,-63.180176,235000.0,Barrio el Manchon,Distrito Municipal 1,411.0,983.2635983263598,0.5815085158150851,326457.26420000003,348191.09192307695
491,4,5,3,282.0,-17.755138,-63.196175,430000.0,Barrio el Manchon,Distrito Municipal 1,367.0,1524.822695035461,0.7683923705722071,326457.26420000003,348191.09192307695
495,3,4,2,250.0,-17.8064,-63.211376,179000.0,BARRIO URBARI,Distrito Municipal 4Â ,210.0,716.0,1.1904761904761905,302332.25692307693,320495.3111764706
503,5,5,1,389.0,-17.793493,-63.137051,150000.0,Barrio 5 de Noviembre,Distrito 7,450.0,385.60411311053986,0.8644444444444445,132567.88874999998,147648.46833333335
506,4,5,2,350.0,-17.731316,-63.171989,370000.0,Barrio Santa Isabel.,Distrito 5,350.0,1057.142857142857,1.0,254362.07609756096,254362.07609756096
511,4,3,2,235.0,-17.800552,-63.154495,175000.0,Barrio Los Penocos,Distrito Municipal 3,350.0,744.6808510638298,0.6714285714285714,242325.77823529413,180600.0
513,3,4,3,359.0,-17.753771,-63.193829,310000.0,Barrio el Manchon,Distrito Municipal 1,359.0,863.5097493036212,1.0,326457.26420000003,348191.09192307695
514,3,2,2,397.0,-17.687424,-63.15276,96000.0,Barrio Santa Isabel.,Distrito 5,397.0,241.81360201511336,1.0,254362.07609756096,254362.07609756096
518,4,5,0,367.0,-17.787268,-63.183064,250000.0,Barrio Fé y Alegrí­a,Distrito 11,367.0,681.1989100817439,1.0,301114.7905882353,261130.2683333333
520,3,3,2,220.0,-17.706532,-63.189411,180000.0,Barrio Santa Isabel.,Distrito 5,220.0,818.1818181818181,1.0,254362.07609756096,254362.07609756096
522,3,4,2,390.0,-17.689837,-63.161308,248000.0,Barrio Santa Isabel.,Distrito 5,390.0,635.8974358974359,1.0,254362.07609756096,254362.07609756096
523,8,6,0,444.0,-17.759283,-63.182545,270000.0,BARRIO EQUIPETROL,Distrito Municipal 1,444.0,608.1081081081081,1.0,326457.26420000003,335141.1233333333
525,4,5,2,416.0,-17.766148,-63.1842,365000.0,BARRIO EQUIPETROL,Distrito Municipal 1,340.0,877.4038461538462,1.223529411764706,326457.26420000003,335141.1233333333
528,4,4,4,336.0,-17.699215,-63.182598,138000.0,Barrio Santa Isabel.,Distrito 5,336.0,410.7142857142857,1.0,254362.07609756096,254362.07609756096
529,6,3,1,205.0,-17.732681,-63.143497,143000.0,Barrio Santa Isabel.,Distrito 5,384.0,697.560975609756,0.5338541666666666,254362.07609756096,254362.07609756096
532,5,4,3,629.0,-17.796078,-63.200478,468000.0,BARRIO URBARI,Distrito Municipal 4Â ,629.0,744.0381558028616,1.0,302332.25692307693,320495.3111764706
533,3,4,2,254.0,-17.738457,-63.182995,230000.0,Barrio Santa Isabel.,Distrito 5,254.0,905.511811023622,1.0,254362.07609756096,254362.07609756096
539,7,6,1,453.0,-17.79793,-63.172752,320000.0,Barrio Lindo,Distrito 11,453.0,706.401766004415,1.0,301114.7905882353,289717.63363636367
540,4,4,2,244.0,-17.694143,-63.169456,225000.0,Barrio Santa Isabel.,Distrito 5,244.0,922.1311475409836,1.0,254362.07609756096,254362.07609756096
542,6,4,3,272.0,-17.836212,-63.23468,100000.0,Barrio Madre India,Distrito 10,272.0,367.6470588235294,1.0,206384.339375,100000.0
543,4,4,2,402.0,-17.744967,-63.164261,490000.0,Barrio Santa Isabel.,Distrito 5,402.0,1218.9054726368158,1.0,254362.07609756096,254362.07609756096
546,3,4,3,295.0,-17.734774,-63.165241,285000.0,Barrio Santa Isabel.,Distrito 5,295.0,966.1016949152543,1.0,254362.07609756096,254362.07609756096
550,7,6,0,360.0,-17.777576,-63.188751,220000.0,Barrio Panamericano,Distrito 11,272.0,611.1111111111111,1.3235294117647058,301114.7905882353,382888.88833333337
552,5,3,2,245.0,-17.792418,-63.151604,168000.0,Barrio Los Penocos,Distrito Municipal 3,432.0,685.7142857142857,0.5671296296296297,242325.77823529413,180600.0
553,4,3,3,274.0,-17.783236,-63.169205,144500.0,Barrio Lindo,Distrito 11,274.0,527.3722627737226,1.0,301114.7905882353,289717.63363636367
555,4,4,4,220.0,-17.831495,-63.230705,128000.0,Barrio los Olivos,Distrito 10,420.0,581.8181818181819,0.5238095238095238,206384.339375,128000.0
560,4,4,3,276.0,-17.739143,-63.182106,245000.0,Barrio Santa Isabel.,Distrito 5,276.0,887.6811594202899,1.0,254362.07609756096,254362.07609756096
563,4,5,3,276.0,-17.746174,-63.164478,275000.0,Barrio Santa Isabel.,Distrito 5,276.0,996.3768115942029,1.0,254362.07609756096,254362.07609756096
569,4,2,2,237.0,-17.792973,-63.195515,217500.0,BARRIO URBARI,Distrito Municipal 4Â ,237.0,917.7215189873418,1.0,302332.25692307693,320495.3111764706
574,5,3,1,308.0,-17.735741,-63.174004,140000.0,Barrio Santa Isabel.,Distrito 5,300.0,454.54545454545456,1.0266666666666666,254362.07609756096,254362.07609756096
575,5,5,2,265.0,-17.758455,-63.0966,185000.0,Barrio La Purisima,Distrito 6,450.0,698.1132075471698,0.5888888888888889,116304.09782608696,97984.195
577,4,3,4,360.0,-17.744518,-63.160744,180000.0,Barrio Santa Isabel.,Distrito 5,360.0,500.0,1.0,254362.07609756096,254362.07609756096
580,4,5,4,398.0,-17.689919,-63.161308,285000.0,Barrio Santa Isabel.,Distrito 5,310.0,716.0804020100503,1.2838709677419355,254362.07609756096,254362.07609756096
581,6,5,4,318.0,-17.776371,-63.133148,190000.0,Barrio Guaracachi,Distrito 6,371.0,597.4842767295597,0.8571428571428571,116304.09782608696,217500.0
582,4,4,1,340.0,-17.824192,-63.216427,165000.0,Barrio California,Distrito 10,337.0,485.29411764705884,1.0089020771513353,206384.339375,317500.0
584,3,4,3,250.0,-17.768953,-63.111053,120000.0,Barrio las Pampita,Distrito 6,216.0,480.0,1.1574074074074074,116304.09782608696,126611.11111111111
587,3,3,2,255.0,-17.799177,-63.195206,254000.0,BARRIO URBARI,Distrito Municipal 4Â ,283.0,996.0784313725491,0.901060070671378,302332.25692307693,320495.3111764706
588,4,4,3,324.0,-17.752773,-63.173191,335000.0,Barrio Chino,Distrito 2,324.0,1033.9506172839506,1.0,262300.65133333334,262300.65133333334
589,5,3,2,243.0,-17.792938,-63.197224,270000.0,BARRIO URBARI,Distrito Municipal 4Â ,385.0,1111.111111111111,0.6311688311688312,302332.25692307693,320495.3111764706
593,3,4,2,205.0,-17.78871,-63.089626,98000.0,Barrio El Condado,Distrito 7,205.0,478.0487804878049,1.0,132567.88874999998,123519.541
601,5,4,2,280.0,-17.726986,-63.144379,125000.0,Barrio Santa Isabel.,Distrito 5,205.0,446.42857142857144,1.3658536585365855,254362.07609756096,254362.07609756096
608,7,2,2,300.0,-17.752495,-63.125748,85000.0,Barrio las Pampita,Distrito 6,200.0,283.3333333333333,1.5,116304.09782608696,126611.11111111111
613,4,4,2,232.0,-17.769184,-63.101944,112000.0,Barrio las Pampita,Distrito 6,232.0,482.7586206896552,1.0,116304.09782608696,126611.11111111111
616,1,1,3,200.0,-17.785696,-63.191013,340000.0,Barrio Fé y Alegrí­a,Distrito 11,200.0,1700.0,1.0,301114.7905882353,261130.2683333333
618,5,4,3,380.0,-17.800671,-63.179977,255000.0,Barrio Aeronautico,Distrito Municipal 4Â ,380.0,671.0526315789474,1.0,302332.25692307693,267500.0
620,4,4,3,415.0,-17.84557,-63.188717,320000.0,Barrio Guadalupe,Distrito 9Â ,625.0,771.0843373493976,0.664,181665.38944444444,165064.655
622,4,3,2,300.0,-17.682581,-63.154289,160000.0,Barrio Santa Isabel.,Distrito 5,300.0,533.3333333333334,1.0,254362.07609756096,254362.07609756096
624,3,4,3,250.0,-17.701298,-63.160313,280000.0,Barrio Santa Isabel.,Distrito 5,250.0,1120.0,1.0,254362.07609756096,254362.07609756096
627,8,5,3,422.0,-17.793102,-63.210953,398000.0,Barrio Irma Suarez,Distrito Municipal 1,422.0,943.127962085308,1.0,326457.26420000003,322922.41375
631,3,3,2,303.0,-17.740707,-63.163128,390000.0,Barrio Santa Isabel.,Distrito 5,303.0,1287.1287128712872,1.0,254362.07609756096,254362.07609756096
637,8,7,1,656.0,-17.776991,-63.149364,299700.0,Barrio Chino,Distrito 2,656.0,456.859756097561,1.0,262300.65133333334,262300.65133333334
638,3,5,2,298.0,-17.82023,-63.222294,225000.0,Barrio el periodista,Distrito 10,298.0,755.0335570469799,1.0,206384.339375,213400.65714285715
641,4,4,2,350.0,-17.799564,-63.187763,285000.0,Barrio Fé y Alegrí­a,Distrito 11,360.0,814.2857142857143,0.9722222222222222,301114.7905882353,261130.2683333333
666,3,2,0,450.51,-17.781005,-63.092531,96000.0,Barrio El Condado,Distrito 7,450.51,213.0918292601718,1.0,132567.88874999998,123519.541
671,8,4,7,232.29,-17.813606,-63.143034,105000.0,Barrio San Francisco,Distrito 8,425.0,452.02118042102546,0.546564705882353,111655.89125,121443.965
675,6,5,3,236.0,-17.844776,-63.184774,104597.7,Barrio Guadalupe,Distrito 9Â ,360.0,443.210593220339,0.6555555555555556,181665.38944444444,165064.655
677,3,2,2,208.5,-17.73797769,-63.10190667,100574.71,Barrio La Purisima,Distrito 6,338.24,482.3727098321343,0.6164262062440871,116304.09782608696,97984.195
678,8,2,0,210.0,-17.805925,-63.134989,100143.68,Barrio 5 de Noviembre,Distrito 7,405.0,476.87466666666666,0.5185185185185185,132567.88874999998,147648.46833333335
680,3,5,0,218.0,-17.8125638,-63.09838774,100000.0,Barrio 5 de Noviembre,Distrito 7,329.0,458.7155963302752,0.662613981762918,132567.88874999998,147648.46833333335
697,4,2,5,375.0,-17.8451,-63.118923,95000.0,Barrio LAB,Distrito 8,375.0,253.33333333333334,1.0,111655.89125,101867.8175
700,3,2,0,200.0,-17.858064,-63.149174,90517.24,Barrio 25 De Junio,Distrito 12,300.0,452.5862,0.6666666666666666,122547.48625,90517.24
701,3,2,1,346.0,-17.847244,-63.160014,91594.83,Barrio Casa Nova II,Distrito 12,354.0,264.7249421965318,0.9774011299435028,122547.48625,95797.41500000001
731,4,2,1,220.0,-17.8455389,-63.10569336,85488.51,Barrio LAB,Distrito 8,417.0,388.58413636363633,0.5275779376498801,111655.89125,101867.8175
754,5,4,0,357.0,-17.731351,-63.081586,80000.0,Barrio San Jorge,Distrito 6,438.36,224.08963585434174,0.8143991240076649,116304.09782608696,79155.1725
800,3,3,0,300.0,-17.78756258,-63.20071375,67169.54,Barrio Santa Rosa,Distrito Municipal 1,426.37,223.89846666666665,0.703614231770528,326457.26420000003,238606.4857142857
803,5,2,3,360.0,-17.831721,-63.137009,65000.0,Barrio San Francisco,Distrito 8,540.0,180.55555555555554,0.6666666666666666,111655.89125,121443.965
806,5,6,0,620.0,-17.796052,-63.094847,64655.17,Barrio El Condado,Distrito 7,232.0,104.2825322580645,2.6724137931034484,132567.88874999998,123519.541
808,4,2,3,331.28,-17.861913,-63.144163,64367.82,Barrio Ñuflo de Chavez,Distrito 12,383.89,194.30035015696694,0.862955534137383,122547.48625,64367.82
810,4,2,3,255.38,-17.75999688,-63.09793346,64655.17,Barrio La Purisima,Distrito 6,360.85,253.17240974234474,0.7077178883192462,116304.09782608696,97984.195
811,5,2,1,241.72,-17.717662,-63.092464,61000.0,Barrio La Purisima,Distrito 6,250.15,252.35810028131723,0.9663002198680791,116304.09782608696,97984.195
815,4,2,0,250.0,-17.749397,-63.113617,59339.08,Barrio La Purisima,Distrito 6,360.0,237.35632,0.6944444444444444,116304.09782608696,97984.195
826,7,3,0,210.0,-17.840381,-63.102757,55000.0,Barrio LAB,Distrito 8,355.98,261.9047619047619,0.5899207820664082,111655.89125,101867.8175
831,4,1,2,547.0,-17.747163,-63.099717,53304.6,Barrio La Purisima,Distrito 6,364.0,97.4489945155393,1.5027472527472527,116304.09782608696,97984.195
835,8,4,0,300.0,-17.725569,-63.085506,50000.0,Barrio San Jorge,Distrito 6,517.24,166.66666666666666,0.5800015466707911,116304.09782608696,79155.1725
870,5,3,0,200.0,-17.765147,-63.10556,113000.0,Barrio las Pampita,Distrito 6,351.0,565.0,0.5698005698005698,116304.09782608696,126611.11111111111
874,3,4,3,208.0,-17.701163,-63.178192,140000.0,Barrio Santa Isabel.,Distrito 5,275.0,673.0769230769231,0.7563636363636363,254362.07609756096,254362.07609756096
878,7,3,0,254.0,-17.82600106,-63.20932368,110000.0,Barrio Flamingo,Distrito 10,300.0,433.07086614173227,0.8466666666666667,206384.339375,196250.0
881,4,3,2,299.53,-17.825223,-63.169754,196000.0,BARRIO PRIMAVERA,Distrito 9Â ,433.2,654.3584949754617,0.6914358264081255,181665.38944444444,196000.0
883,5,2,0,343.0,-17.806468,-63.1266,221264.37,Barrio 5 de Noviembre,Distrito 7,360.0,645.0856268221575,0.9527777777777777,132567.88874999998,147648.46833333335
884,3,3,0,208.0,-17.741879,-63.186458,218534.48,Barrio Santa Isabel.,Distrito 5,249.0,1050.6465384615385,0.8353413654618473,254362.07609756096,254362.07609756096
887,3,4,0,298.0,-17.81975,-63.222027,225000.0,Barrio el periodista,Distrito 10,298.0,755.0335570469799,1.0,206384.339375,213400.65714285715
888,6,4,5,500.0,-17.833523,-63.184412,220000.0,Barrio Saguapac sur,Distrito 9Â ,720.0,440.0,0.6944444444444444,181665.38944444444,193214.79875000002
889,4,2,2,200.0,-17.811528,-63.205697,215000.0,BARRIO URBARI,Distrito Municipal 4Â ,453.75,1075.0,0.44077134986225897,302332.25692307693,320495.3111764706
890,6,3,0,270.0,-17.8177179,-63.1407754,210775.86,Barrio San Francisco,Distrito 8,360.0,780.6513333333332,0.75,111655.89125,121443.965
892,3,3,2,240.0,-17.73293,-63.145573,210000.0,Barrio Santa Isabel.,Distrito 5,240.0,875.0,1.0,254362.07609756096,254362.07609756096
893,4,2,4,263.02,-17.75347,-63.171459,210000.0,Barrio Chino,Distrito 2,364.4,798.4183712265227,0.7217892425905598,262300.65133333334,262300.65133333334
894,3,3,0,300.0,-17.7876443,-63.20063356,207614.94,Barrio Santa Rosa,Distrito Municipal 1,426.0,692.0498,0.704225352112676,326457.26420000003,238606.4857142857
900,7,3,3,300.0,-17.78089144,-63.12104702,200287.36,Barrio El Condado,Distrito 7,400.0,667.6245333333333,0.75,132567.88874999998,123519.541
902,6,5,0,300.0,-17.7359,-63.18083,199000.0,Barrio Santa Isabel.,Distrito 5,345.48,663.3333333333334,0.8683570684265369,254362.07609756096,254362.07609756096
906,5,4,7,420.0,-17.840647,-63.190141,195000.0,Barrio Saguapac sur,Distrito 9Â ,846.33,464.2857142857143,0.4962603239870972,181665.38944444444,193214.79875000002
908,8,4,3,284.47,-17.809569,-63.213296,190000.0,Barrio Flamingo,Distrito 10,323.75,667.9087425739093,0.8786718146718148,206384.339375,196250.0
912,6,4,0,413.0,-17.75434334,-63.18784689,186968.39,Barrio el Manchon,Distrito Municipal 1,264.0,452.7079661016949,1.5643939393939394,326457.26420000003,348191.09192307695
913,3,3,0,204.81,-17.789831,-63.184197,186781.61,Barrio Fé y Alegrí­a,Distrito 11,235.29,911.9750500463844,0.8704577330103277,301114.7905882353,261130.2683333333
916,3,2,0,223.0,-17.812653,-63.167936,185000.0,Barrio Soberanía Nacional,Distrito Municipal 3,420.0,829.5964125560538,0.530952380952381,242325.77823529413,240000.0
917,5,4,2,200.0,-17.74791,-63.154819,184000.0,Barrio Santa Isabel.,Distrito 5,360.0,920.0,0.5555555555555556,254362.07609756096,254362.07609756096
919,4,4,0,280.0,-17.837113,-63.184776,180000.0,Barrio Saguapac sur,Distrito 9Â ,582.0,642.8571428571429,0.48109965635738833,181665.38944444444,193214.79875000002
921,5,2,3,202.0,-17.79642,-63.148813,180000.0,Barrio Los Penocos,Distrito Municipal 3,261.0,891.0891089108911,0.7739463601532567,242325.77823529413,180600.0
923,6,3,4,313.0,-17.86922552,-63.181632,179900.0,Barrio Florida,Distrito 12,480.0,574.7603833865815,0.6520833333333333,122547.48625,179900.0
924,5,4,0,319.46,-17.80299821,-63.16456351,178620.69,Barrio Polanco,Distrito Municipal 3,358.0,559.133193514055,0.8923463687150838,242325.77823529413,273653.823
925,3,2,4,439.0,-17.778216,-63.205689,178160.92,Barrio Santa Rosa,Distrito Municipal 1,286.0,405.83353075170845,1.534965034965035,326457.26420000003,238606.4857142857
930,3,3,0,296.0,-17.854708,-63.167919,175000.0,Barrio Palma Real,Distrito 12,419.13,591.2162162162163,0.7062247989883808,122547.48625,162500.0
932,8,4,0,303.2,-17.813336,-63.22385,175000.0,Barrio el periodista,Distrito 10,355.5,577.1767810026386,0.8528832630098453,206384.339375,213400.65714285715
935,3,3,0,240.0,-17.713824,-63.169107,175000.0,Barrio Santa Isabel.,Distrito 5,301.0,729.1666666666666,0.7973421926910299,254362.07609756096,254362.07609756096
937,4,4,0,322.0,-17.777142,-63.150026,173000.0,Barrio Chino,Distrito 2,300.0,537.2670807453416,1.0733333333333333,262300.65133333334,262300.65133333334
938,7,3,0,313.0,-17.799149,-63.167542,172413.79,Barrio Polanco,Distrito Municipal 3,301.0,550.8427795527157,1.0398671096345515,242325.77823529413,273653.823
939,4,4,5,319.0,-17.8449772,-63.12196941,171982.76,Barrio LAB,Distrito 8,455.0,539.1309090909091,0.701098901098901,111655.89125,101867.8175
940,5,2,0,328.15,-17.780278,-63.152204,170977.01,Barrio Chino,Distrito 2,331.8,521.0330946213622,0.9889993972272453,262300.65133333334,262300.65133333334
943,3,2,0,230.0,-17.737201,-63.19381,170000.0,Barrio el Manchon,Distrito Municipal 1,360.0,739.1304347826087,0.6388888888888888,326457.26420000003,348191.09192307695
944,6,3,2,205.74,-17.82191,-63.180563,169540.23,BARRIO VICTORIA,Distrito Municipal 4Â ,387.5,824.0508894721494,0.530941935483871,302332.25692307693,258439.65500000003
945,5,4,3,251.78,-17.838768,-63.192804,169000.0,Barrio Saguapac sur,Distrito 9Â ,405.0,671.220907141155,0.621679012345679,181665.38944444444,193214.79875000002
948,3,5,0,200.0,-17.80720677,-63.16692349,166666.67,Barrio Polanco,Distrito Municipal 3,229.6,833.3333500000001,0.8710801393728224,242325.77823529413,273653.823
951,4,4,0,220.0,-17.73926525,-63.17724466,165948.28,Barrio Santa Isabel.,Distrito 5,203.0,754.3103636363636,1.083743842364532,254362.07609756096,254362.07609756096
955,4,5,0,243.0,-17.730743,-63.153708,165000.0,Barrio Santa Isabel.,Distrito 5,206.0,679.0123456790124,1.1796116504854368,254362.07609756096,254362.07609756096
957,2,1,0,360.3,-17.72961342,-63.14759005,162000.0,Barrio Santa Isabel.,Distrito 5,360.3,449.62531223980017,1.0,254362.07609756096,254362.07609756096
958,7,5,0,310.0,-17.831506,-63.211534,160344.83,Barrio 27 de mayo,Distrito 10,300.0,517.2413870967741,1.0333333333333334,206384.339375,160344.83
960,7,5,1,293.0,-17.767792,-63.159741,160000.0,Barrio Chino,Distrito 2,270.0,546.0750853242321,1.0851851851851853,262300.65133333334,262300.65133333334
962,8,2,0,286.0,-17.784855,-63.161601,160000.0,Barrio Chino,Distrito 2,222.61,559.4405594405595,1.2847580971205246,262300.65133333334,262300.65133333334
964,3,2,0,220.0,-17.80591458,-63.1356275,159482.76,Barrio 5 de Noviembre,Distrito 7,360.0,724.9216363636364,0.6111111111111112,132567.88874999998,147648.46833333335
965,3,4,0,250.0,-17.808943,-63.155435,159770.11,Barrio Polanco,Distrito Municipal 3,200.0,639.08044,1.25,242325.77823529413,273653.823
971,4,3,2,215.0,-17.702454,-63.166752,155000.0,Barrio Santa Isabel.,Distrito 5,238.0,720.9302325581396,0.9033613445378151,254362.07609756096,254362.07609756096
972,2,2,0,200.0,-17.690479,-63.170183,155000.0,Barrio Santa Isabel.,Distrito 5,400.0,775.0,0.5,254362.07609756096,254362.07609756096
973,7,5,0,329.0,-17.805164,-63.134179,155000.0,Barrio 5 de Noviembre,Distrito 7,330.0,471.1246200607903,0.996969696969697,132567.88874999998,147648.46833333335
982,5,3,0,306.0,-17.761892,-63.114248,150000.0,Barrio las Pampita,Distrito 6,356.0,490.19607843137254,0.8595505617977528,116304.09782608696,126611.11111111111
983,5,3,0,260.0,-17.854842,-63.173318,150000.0,Barrio Palma Real,Distrito 12,278.52,576.9230769230769,0.9335056728421658,122547.48625,162500.0
985,1,1,2,240.0,-17.734062,-63.175001,148000.0,Barrio Santa Isabel.,Distrito 5,298.0,616.6666666666666,0.8053691275167785,254362.07609756096,254362.07609756096
989,3,2,4,265.0,-17.79212,-63.209962,145000.0,Barrio Irma Suarez,Distrito Municipal 1,329.0,547.1698113207547,0.8054711246200608,326457.26420000003,322922.41375
990,3,2,0,245.1,-17.791128,-63.089611,145000.0,Barrio El Condado,Distrito 7,450.0,591.5952672378621,0.5446666666666666,132567.88874999998,123519.541
991,4,5,0,480.0,-17.715086,-63.169327,145000.0,Barrio Santa Isabel.,Distrito 5,249.0,302.0833333333333,1.927710843373494,254362.07609756096,254362.07609756096
992,6,2,0,200.0,-17.792313,-63.110511,145000.0,Barrio El Condado,Distrito 7,468.0,725.0,0.42735042735042733,132567.88874999998,123519.541
993,4,3,0,262.0,-17.75475,-63.092833,145000.0,Barrio La Purisima,Distrito 6,300.0,553.4351145038167,0.8733333333333333,116304.09782608696,97984.195
996,4,4,0,279.69,-17.802776,-63.153609,140804.6,Barrio Polanco,Distrito Municipal 3,239.72,503.4309413994065,1.1667361922242616,242325.77823529413,273653.823
997,3,3,1,200.0,-17.777373,-63.166485,143000.0,Barrio Lindo,Distrito 11,216.0,715.0,0.9259259259259259,301114.7905882353,289717.63363636367
998,5,4,0,250.0,-17.736603,-63.151996,140000.0,Barrio Santa Isabel.,Distrito 5,350.0,560.0,0.7142857142857143,254362.07609756096,254362.07609756096
999,8,3,0,319.0,-17.8224881,-63.2204176,140804.6,Barrio el periodista,Distrito 10,600.0,441.39373040752355,0.5316666666666666,206384.339375,213400.65714285715
1001,5,4,0,241.0,-17.727795,-63.172434,139000.0,Barrio Santa Isabel.,Distrito 5,372.0,576.7634854771784,0.6478494623655914,254362.07609756096,254362.07609756096
1006,4,5,0,259.0,-17.776793,-63.121918,138000.0,Barrio las Pampita,Distrito 6,251.0,532.8185328185328,1.0318725099601593,116304.09782608696,126611.11111111111
1011,7,4,0,332.0,-17.787869054632,-63.114641904831,130747.13,Barrio El Condado,Distrito 7,416.97,393.816656626506,0.7962203515840468,132567.88874999998,123519.541
1014,5,5,2,218.91,-17.7945706,-63.0870688,130747.13,Barrio El Condado,Distrito 7,280.0,597.2643095335983,0.7818214285714286,132567.88874999998,123519.541
1018,7,3,0,250.0,-17.84757,-63.170124,129000.0,Barrio Militar Nuevo Amanecer,Distrito 12,600.0,516.0,0.4166666666666667,122547.48625,129000.0
1021,8,3,2,394.5,-17.7983222,-63.14589393,130000.0,Barrio Los Penocos,Distrito Municipal 3,255.0,329.531051964512,1.5470588235294118,242325.77823529413,180600.0
1027,3,2,0,236.0,-17.817452,-63.224795,128000.0,Barrio el periodista,Distrito 10,360.0,542.3728813559322,0.6555555555555556,206384.339375,213400.65714285715
1028,4,2,0,210.0,-17.86942,-63.192643,128000.0,Barrio las americas,Distrito 9Â ,254.0,609.5238095238095,0.8267716535433071,181665.38944444444,128000.0
1034,3,3,0,210.0,-17.838167,-63.189063,125718.39,Barrio Saguapac sur,Distrito 9Â ,240.0,598.659,0.875,181665.38944444444,193214.79875000002
1054,5,2,0,281.2,-17.850329,-63.191986,120000.0,Barrio Guadalupe,Distrito 9Â ,360.0,426.7425320056899,0.7811111111111111,181665.38944444444,165064.655
1063,4,3,0,200.0,-17.843411,-63.183083,115660.92,Barrio Guadalupe,Distrito 9Â ,245.0,578.3045999999999,0.8163265306122449,181665.38944444444,165064.655
1067,3,3,0,348.0,-17.764872,-63.10401,115000.0,Barrio La Purisima,Distrito 6,360.0,330.4597701149425,0.9666666666666667,116304.09782608696,97984.195
1070,3,2,3,253.0,-17.8392671,-63.19336912,113000.0,Barrio Saguapac sur,Distrito 9Â ,268.04,446.6403162055336,0.9438889717952543,181665.38944444444,193214.79875000002
1071,4,4,2,244.0,-17.756865,-63.089881,108620.69,Barrio San Jorge,Distrito 6,310.0,445.166762295082,0.7870967741935484,116304.09782608696,79155.1725
1072,3,2,0,253.43,-17.767957,-63.109975,108500.0,Barrio las Pampita,Distrito 6,375.56,428.12610977390204,0.6748056236020875,116304.09782608696,126611.11111111111
1077,4,4,0,220.0,-17.785753,-63.109463,107758.62,Barrio El Condado,Distrito 7,300.0,489.81190909090907,0.7333333333333333,132567.88874999998,123519.541
1080,5,2,0,368.0,-17.82043,-63.18984,229000.0,BARRIO VICTORIA,Distrito Municipal 4Â ,368.0,622.2826086956521,1.0,302332.25692307693,258439.65500000003
1081,6,3,0,299.0,-17.800782,-63.142676,250000.0,Barrio Los Penocos,Distrito Municipal 3,360.0,836.1204013377926,0.8305555555555556,242325.77823529413,180600.0
1085,4,3,0,243.0,-17.776866,-63.158233,241379.31,Barrio Chino,Distrito 2,241.47,993.3304938271605,1.0063361908311592,262300.65133333334,262300.65133333334
1086,6,4,0,300.0,-17.78559089,-63.16544756,245000.0,Barrio Lindo,Distrito 11,410.0,816.6666666666666,0.7317073170731707,301114.7905882353,289717.63363636367
1092,4,4,0,381.0,-17.78097725,-63.146442,245000.0,Barrio Guaracachi,Distrito 6,381.54,643.0446194225722,0.9985846831262777,116304.09782608696,217500.0
1094,3,4,2,390.0,-17.689851,-63.161322,249000.0,Barrio Santa Isabel.,Distrito 5,475.0,638.4615384615385,0.8210526315789474,254362.07609756096,254362.07609756096
1095,4,4,0,450.0,-17.784792,-63.219109,380000.0,Barrio Irma Suarez,Distrito Municipal 1,362.81,844.4444444444445,1.2403186240732063,326457.26420000003,322922.41375
1121,4,3,2,471.0,-17.771949,-63.177598,560000.0,Barrio Panamericano,Distrito 11,798.0,1188.95966029724,0.5902255639097744,301114.7905882353,382888.88833333337
1122,4,6,4,518.0,-17.7226434,-63.1676779,640000.0,Barrio Santa Isabel.,Distrito 5,612.0,1235.5212355212354,0.8464052287581699,254362.07609756096,254362.07609756096
1123,4,4,2,470.63,-17.771605,-63.17762,560000.0,Barrio Panamericano,Distrito 11,797.7,1189.8943968722776,0.5899837031465462,301114.7905882353,382888.88833333337
1124,4,4,0,350.0,-17.797416,-63.214999,490000.0,BARRIO URBARI,Distrito Municipal 4Â ,578.56,1400.0,0.6049502212389382,302332.25692307693,320495.3111764706
1127,5,5,0,480.0,-17.746925,-63.175687,590000.0,Barrio el Manchon,Distrito Municipal 1,453.53,1229.1666666666667,1.0583643860384098,326457.26420000003,348191.09192307695
1128,5,3,2,300.0,-17.765766,-63.204941,450000.0,Barrio el Manchon,Distrito Municipal 1,400.0,1500.0,0.75,326457.26420000003,348191.09192307695
1129,3,4,0,290.0,-17.73094,-63.171896,416666.67,Barrio Santa Isabel.,Distrito 5,436.45,1436.781620689655,0.6644518272425249,254362.07609756096,254362.07609756096
1130,2,1,0,299.53,-17.757253,-63.192691,408000.0,Barrio el Manchon,Distrito Municipal 1,500.0,1362.13400994892,0.5990599999999999,326457.26420000003,348191.09192307695
1132,4,7,6,543.0,-17.802483,-63.168846,450000.0,Barrio Polanco,Distrito Municipal 3,507.0,828.7292817679559,1.0710059171597632,242325.77823529413,273653.823
1134,3,5,0,400.0,-17.74468108,-63.16127114,431034.48,Barrio Santa Isabel.,Distrito 5,480.0,1077.5862,0.8333333333333334,254362.07609756096,254362.07609756096
1135,5,4,3,200.0,-17.782158,-63.195076,420000.0,Barrio Santa Rosa,Distrito Municipal 1,406.0,2100.0,0.49261083743842365,326457.26420000003,238606.4857142857
1137,6,2,0,200.0,-17.73670033,-63.1716551,402298.85,Barrio Santa Isabel.,Distrito 5,708.0,2011.49425,0.2824858757062147,254362.07609756096,254362.07609756096
1138,5,5,0,313.0,-17.77296,-63.16355,400862.07,Barrio Chino,Distrito 2,489.0,1280.7094888178915,0.6400817995910021,262300.65133333334,262300.65133333334
1140,4,2,0,451.0,-17.77978296,-63.17378461,399281.61,Barrio Lindo,Distrito 11,504.0,885.3250776053214,0.8948412698412699,301114.7905882353,289717.63363636367
1141,6,3,2,493.0,-17.77069524,-63.19087132,397270.11,BARRIO EQUIPETROL,Distrito Municipal 1,414.2,805.821724137931,1.190246257846451,326457.26420000003,335141.1233333333
1142,4,3,4,406.0,-17.733875,-63.161976,390000.0,Barrio Santa Isabel.,Distrito 5,480.0,960.5911330049261,0.8458333333333333,254362.07609756096,254362.07609756096
1144,4,5,0,441.0,-17.774235,-63.190825,375000.0,Barrio Panamericano,Distrito 11,364.0,850.3401360544218,1.2115384615384615,301114.7905882353,382888.88833333337
1145,5,5,0,540.0,-17.80066916,-63.17209596,371264.37,Barrio Polanco,Distrito Municipal 3,601.0,687.5266111111112,0.8985024958402662,242325.77823529413,273653.823
1146,4,3,0,299.25,-17.745653,-63.164005,370000.0,Barrio Santa Isabel.,Distrito 5,360.0,1236.4243943191311,0.83125,254362.07609756096,254362.07609756096
1147,4,4,0,304.9,-17.788724,-63.215103,366379.31,Barrio Irma Suarez,Distrito Municipal 1,557.16,1201.6376188914398,0.5472395721157297,326457.26420000003,322922.41375
1148,4,3,0,386.09,-17.792352,-63.195173,365524.43,BARRIO URBARI,Distrito Municipal 4Â ,586.95,946.7337408376286,0.65779027174376,302332.25692307693,320495.3111764706
1149,6,6,0,467.0,-17.77721191,-63.16701069,362068.97,Barrio Lindo,Distrito 11,838.86,775.3082869379015,0.5567079131201869,301114.7905882353,289717.63363636367
1151,4,4,2,399.0,-17.784692,-63.166902,344827.59,Barrio Lindo,Distrito 11,222.0,864.2295488721805,1.7972972972972974,301114.7905882353,289717.63363636367
1152,3,2,0,245.0,-17.774884,-63.187094,333333.33,Barrio Panamericano,Distrito 11,319.0,1360.5442040816326,0.768025078369906,301114.7905882353,382888.88833333337
1153,3,3,0,200.0,-17.788799,-63.176644,330000.0,Barrio Lindo,Distrito 11,668.0,1650.0,0.2994011976047904,301114.7905882353,289717.63363636367
1154,4,6,0,524.84,-17.791996,-63.168705,327075.0,Barrio Lindo,Distrito 11,384.0,623.1899245484337,1.3667708333333335,301114.7905882353,289717.63363636367
1155,3,6,0,327.0,-17.82072048,-63.17394912,326580.46,Barrio Guaracal,Distrito Municipal 4Â ,594.75,998.7170030581041,0.5498108448928121,302332.25692307693,326580.46
1156,5,5,0,376.0,-17.797405,-63.205222,323275.86,BARRIO URBARI,Distrito Municipal 4Â ,366.8,859.7762234042552,1.025081788440567,302332.25692307693,320495.3111764706
1160,3,4,0,200.0,-17.816606,-63.181219,316810.34,BARRIO VICTORIA,Distrito Municipal 4Â ,478.71,1584.0517000000002,0.4177894758831025,302332.25692307693,258439.65500000003
1162,2,4,3,306.0,-17.76043969,-63.15187234,316091.95,Barrio Chino,Distrito 2,306.0,1032.98022875817,1.0,262300.65133333334,262300.65133333334
1165,6,6,0,210.0,-17.76409,-63.167492,309000.0,Barrio Chino,Distrito 2,229.33,1471.4285714285713,0.9157109841712815,262300.65133333334,262300.65133333334
1167,6,6,0,405.0,-17.724151,-63.166446,306752.87,Barrio Santa Isabel.,Distrito 5,390.0,757.4144938271605,1.0384615384615385,254362.07609756096,254362.07609756096
1168,4,3,0,392.0,-17.731004,-63.172586,305000.0,Barrio Santa Isabel.,Distrito 5,311.0,778.0612244897959,1.2604501607717042,254362.07609756096,254362.07609756096
1169,3,4,0,312.08,-17.742086,-63.160915,303448.28,Barrio Santa Isabel.,Distrito 5,336.38,972.3413227377597,0.9277602711219454,254362.07609756096,254362.07609756096
1171,3,4,2,280.0,-17.81975,-63.188038,300287.36,BARRIO VICTORIA,Distrito Municipal 4Â ,240.0,1072.454857142857,1.1666666666666667,302332.25692307693,258439.65500000003
1172,7,2,0,240.0,-17.732347,-63.142076,300000.0,Barrio Santa Isabel.,Distrito 5,495.0,1250.0,0.48484848484848486,254362.07609756096,254362.07609756096
1175,6,6,3,578.0,-17.814579,-63.15317,295000.0,Barrio Soberanía Nacional,Distrito Municipal 3,418.0,510.38062283737025,1.3827751196172249,242325.77823529413,240000.0
1176,6,5,0,300.0,-17.730149,-63.169127,280000.0,Barrio Santa Isabel.,Distrito 5,264.0,933.3333333333334,1.1363636363636365,254362.07609756096,254362.07609756096
1179,8,6,0,454.75,-17.786939,-63.179131,290000.0,Barrio Lindo,Distrito 11,411.06,637.7130291368884,1.1062861869313483,301114.7905882353,289717.63363636367
1180,4,4,0,266.0,-17.797384,-63.20567,290000.0,BARRIO URBARI,Distrito Municipal 4Â ,360.0,1090.2255639097743,0.7388888888888889,302332.25692307693,320495.3111764706
1181,5,6,0,397.0,-17.76825,-63.155232,295000.0,Barrio Chino,Distrito 2,330.0,743.0730478589421,1.2030303030303031,262300.65133333334,262300.65133333334
1182,4,3,0,218.0,-17.822168,-63.182013,280000.0,BARRIO VICTORIA,Distrito Municipal 4Â ,445.0,1284.4036697247707,0.4898876404494382,302332.25692307693,258439.65500000003
1183,6,4,0,337.0,-17.772847168595,-63.157569277094,281609.2,Barrio Chino,Distrito 2,346.0,835.6356083086054,0.9739884393063584,262300.65133333334,262300.65133333334
1184,5,4,0,200.0,-17.7794756,-63.1673298,280000.0,Barrio Lindo,Distrito 11,394.54,1400.0,0.5069194504993156,301114.7905882353,289717.63363636367
1185,5,4,0,477.66,-17.731685,-63.17191,280000.0,Barrio Santa Isabel.,Distrito 5,465.96,586.191014529163,1.0251094514550607,254362.07609756096,254362.07609756096
1189,5,3,2,471.34,-17.776775,-63.176151,266522.99,Barrio Lindo,Distrito 11,286.0,565.4580345398226,1.6480419580419579,301114.7905882353,289717.63363636367
1190,7,5,0,346.0,-17.83512,-63.189053,265000.0,Barrio Saguapac sur,Distrito 9Â ,543.97,765.8959537572255,0.636064488850488,181665.38944444444,193214.79875000002
1191,4,4,0,323.0,-17.713042,-63.164971,265000.0,Barrio Santa Isabel.,Distrito 5,456.0,820.4334365325077,0.7083333333333334,254362.07609756096,254362.07609756096
1194,3,3,2,290.0,-17.771974,-63.151902,260000.0,Barrio Chino,Distrito 2,366.75,896.551724137931,0.7907293796864349,262300.65133333334,262300.65133333334
1195,5,3,0,437.0,-17.733925,-63.147089,260000.0,Barrio Santa Isabel.,Distrito 5,840.0,594.9656750572083,0.5202380952380953,254362.07609756096,254362.07609756096
1196,6,4,2,404.15,-17.746929,-63.155916,239000.0,Barrio Santa Isabel.,Distrito 5,432.0,591.3645923543239,0.9355324074074074,254362.07609756096,254362.07609756096
1197,4,6,0,272.0,-17.754082,-63.183757,230000.0,Barrio el Manchon,Distrito Municipal 1,228.81,845.5882352941177,1.1887592325510248,326457.26420000003,348191.09192307695
1198,4,4,2,300.0,-17.730853,-63.154682,258620.69,Barrio Santa Isabel.,Distrito 5,475.0,862.0689666666667,0.631578947368421,254362.07609756096,254362.07609756096
1199,6,5,4,324.53,-17.813435,-63.207558,230000.0,Barrio Flamingo,Distrito 10,541.14,708.7172218284904,0.599715415604095,206384.339375,196250.0
1201,4,4,5,300.0,-17.79880999,-63.18481926,235000.0,Barrio Fé y Alegrí­a,Distrito 11,308.7,783.3333333333334,0.9718172983479106,301114.7905882353,261130.2683333333
1202,3,4,3,245.0,-17.82652,-63.17934,230000.0,Barrio Transportista,Distrito 9Â ,531.0,938.7755102040817,0.4613935969868173,181665.38944444444,185000.0
1203,6,5,0,249.0,-17.729322,-63.157434,230000.0,Barrio Santa Isabel.,Distrito 5,420.0,923.6947791164658,0.5928571428571429,254362.07609756096,254362.07609756096
1204,8,4,2,290.0,-17.750322,-63.193792,230000.0,Barrio el Manchon,Distrito Municipal 1,295.98,793.1034482758621,0.9797959321575782,326457.26420000003,348191.09192307695
1205,3,3,0,430.0,-17.753903,-63.188662,230000.0,Barrio el Manchon,Distrito Municipal 1,427.75,534.8837209302326,1.0052600818234951,326457.26420000003,348191.09192307695
1206,8,4,0,360.0,-17.750526,-63.194131,255000.0,Barrio el Manchon,Distrito Municipal 1,295.98,708.3333333333334,1.2162983985404419,326457.26420000003,348191.09192307695
1209,3,3,0,430.0,-17.79691,-63.175528,251436.78,Barrio Lindo,Distrito 11,577.86,584.7366976744186,0.7441248745370851,301114.7905882353,289717.63363636367
1210,5,5,0,280.0,-17.738747,-63.182545,253232.76,Barrio Santa Isabel.,Distrito 5,312.0,904.4027142857143,0.8974358974358975,254362.07609756096,254362.07609756096
1211,3,3,2,220.0,-17.739122,-63.17894,255000.0,Barrio Santa Isabel.,Distrito 5,240.0,1159.090909090909,0.9166666666666666,254362.07609756096,254362.07609756096
